date,open,high,low,close
1/1/2020 0:00,32237.9,32348,32057.2,32102.9
1/2/2020 0:00,32133.15,32465.45,32121.4,32443.85
1/3/2020 0:00,32326.95,32329.8,31960.4,32069.25
1/6/2020 0:00,31910.45,31914.45,31170.55,31237.15
1/7/2020 0:00,31598.05,31851.45,31200.9,31399.4
1/8/2020 0:00,30995.5,31451.85,30899.55,31373.65
1/9/2020 0:00,31748.25,32172.7,31667.15,32092.4
1/10/2020 0:00,32215.7,32347.2,31953.4,32097.4
1/13/2020 0:00,32139.1,32322.65,32074.05,32177.65
1/14/2020 0:00,32196.45,32196.45,31989.2,32071.65
1/15/2020 0:00,31994.75,32000.9,31670.35,31824.9
1/16/2020 0:00,31810.55,31988.9,31692.4,31853.9
1/17/2020 0:00,31571.65,31773.55,31445.5,31590.65
1/20/2020 0:00,31923.95,31923.95,31050.95,31080.65
1/21/2020 0:00,30978.85,31171.25,30858.6,30947.55
1/22/2020 0:00,31061.6,31149.05,30614,30701.45
1/23/2020 0:00,30742.2,31087.25,30621.35,31004.05
1/24/2020 0:00,31040.1,31375.45,30879.05,31241.75
1/27/2020 0:00,31110.55,31227.05,30808.55,30837.4
1/28/2020 0:00,30922,31048.45,30656.35,30761.4
1/29/2020 0:00,30915.1,31082.85,30835.8,30877
1/30/2020 0:00,30889.25,30909.5,30521.3,30647.4
1/31/2020 0:00,30950.5,31033.45,30691.8,30833.6
2/1/2020 0:00,30726.2,30918.6,29753,29820.9
2/3/2020 0:00,29811.75,30105.8,29612.55,30023.25
2/4/2020 0:00,30235.3,30776.95,30182.45,30686.7
2/5/2020 0:00,30761.95,31065.85,30630.85,31001.95
2/6/2020 0:00,31070.75,31470.65,30917.25,31304.05
2/7/2020 0:00,31367.05,31368.2,31111.05,31201.95
2/10/2020 0:00,31248.65,31248.8,30957.2,31058.15
2/11/2020 0:00,31230.2,31505.95,31225.9,31300.6
2/12/2020 0:00,31441.15,31588.6,31398.15,31492.9
2/13/2020 0:00,31586.55,31649.45,31180.6,31230.25
2/14/2020 0:00,31281.85,31436.65,30776.1,30834.8
2/17/2020 0:00,30873.85,30998.15,30630.5,30680.7
2/18/2020 0:00,30661.5,30692.75,30252.45,30562.5
2/19/2020 0:00,30905,30947.15,30606.15,30838.2
2/20/2020 0:00,30862.3,31085.3,30702.45,30942.85
2/24/2020 0:00,30666.35,30702.15,30428,30455.1
2/25/2020 0:00,30517,30610.7,30329.95,30432.7
2/26/2020 0:00,30279.95,30515.35,30131.75,30306.85
2/27/2020 0:00,30270,30271.95,29914.15,30187
2/28/2020 0:00,29501.55,29564.1,29051.5,29147.15
3/2/2020 0:00,29701,29791.15,28571.7,28868.4
3/3/2020 0:00,29012.55,29285.35,28749.55,29177.05
3/4/2020 0:00,29252.95,29273.65,28125.15,28653.7
3/5/2020 0:00,28830.3,29134.3,28535.6,28815.35
3/6/2020 0:00,27649.95,28047.2,27162.3,27801.45
3/9/2020 0:00,27031.45,27091.6,25923.4,26462.6
3/11/2020 0:00,26272.75,26791.45,26234.1,26487.8
3/12/2020 0:00,25175.9,25223.1,23536.35,23971.15
3/13/2020 0:00,22720.75,25670.75,21351.7,25166.45
3/16/2020 0:00,24061.6,24074.15,23008.25,23101.15
3/17/2020 0:00,23348.05,23449.5,22002,22155.15
3/18/2020 0:00,22411.85,22544.05,20267.95,20580.2
3/19/2020 0:00,19428.95,21035.05,18675.65,20083.5
3/20/2020 0:00,19898.3,20924.55,19265,20317.6
3/23/2020 0:00,18311.3,18895.65,16791.05,16917.65
3/24/2020 0:00,17705.85,17841.4,16116.25,17107.3
3/25/2020 0:00,16759.95,18740.2,16635.5,18481.05
3/26/2020 0:00,18781.85,20409.35,18364.5,19613.9
3/27/2020 0:00,20801.6,21462.4,19580.1,19969
3/30/2020 0:00,19254.45,19716.25,18668.7,18782.4
3/31/2020 0:00,19307.65,19466.3,18792.4,19144
4/1/2020 0:00,19122.4,19154.75,18042.25,18208.35
4/3/2020 0:00,18325.05,18326.1,17143.2,17249.3
4/7/2020 0:00,18454.55,19190.55,17953.75,19062.5
4/8/2020 0:00,18799.4,20324.1,18482.9,18946.45
4/9/2020 0:00,19553.15,19988.3,19166.9,19913.6
4/13/2020 0:00,19854.9,19887.05,19294,19488
4/15/2020 0:00,20096.35,20184.1,18776.75,19057.05
4/16/2020 0:00,18957.15,19520.3,18703.45,19400
4/17/2020 0:00,20394.75,20866.55,19729.3,20681.45
4/20/2020 0:00,21104.7,21122.1,20444.25,20522.65
4/21/2020 0:00,19812.05,19891.45,19247.95,19409.35
4/22/2020 0:00,19306.95,19806.35,19051.95,19701.85
4/23/2020 0:00,19871.35,20356.5,19584.4,20267.95
4/24/2020 0:00,19697.65,19950.15,19515.4,19586.65
4/27/2020 0:00,19870.8,20224.75,19847.65,20081.15
4/28/2020 0:00,20436.6,20751.3,20260.8,20671.1
4/29/2020 0:00,20440.4,21348.15,20393.65,21090.2
4/30/2020 0:00,21589.2,21967,21353.65,21534.5
5/4/2020 0:00,20514.75,20530.45,19643.6,19743.75
5/5/2020 0:00,20147.3,20223.15,19212.35,19271.75
5/6/2020 0:00,19302.45,19806.6,18941,19694.55
5/7/2020 0:00,19536.05,19757.25,19332.15,19491.8
5/8/2020 0:00,19844,19969.6,19285.05,19352.9
5/11/2020 0:00,19610.45,19733.4,18900.9,18950.5
5/12/2020 0:00,18751.4,18993.4,18287,18862.85
5/13/2020 0:00,20017.75,20122.25,19429.9,19634.95
5/14/2020 0:00,19197.7,19380.1,19024.75,19068.5
5/15/2020 0:00,19098.8,19119.1,18683.65,18833.95
5/18/2020 0:00,18795.1,18795.1,17514.2,17573.2
5/19/2020 0:00,18037.15,18175.3,17390.65,17486.25
5/20/2020 0:00,17486.5,18002.65,17407.7,17840.2
5/21/2020 0:00,17901.95,18200.7,17658.55,17735.1
5/22/2020 0:00,17554.25,17952.25,17105,17278.9
5/26/2020 0:00,17537.65,17681.7,17311.25,17440.35
5/27/2020 0:00,17603.4,18874.25,17560.35,18710.55
5/28/2020 0:00,18924.45,19455.55,18818.95,19169.8
5/29/2020 0:00,18962,19358.05,18729.9,19297.25
6/1/2020 0:00,19728.9,20225.35,19632.9,19959.9
6/2/2020 0:00,20120.6,20615.75,19852.55,20530.2
6/3/2020 0:00,20966.6,21619.55,20822,20940.7
6/4/2020 0:00,20932.35,21141.8,20316.2,20390.45
6/5/2020 0:00,20516.4,21198.7,20425.05,21034.5
6/8/2020 0:00,21636.1,21807.4,20911.25,21187.35
6/9/2020 0:00,21295.5,21568.85,20629.7,20724.9
6/10/2020 0:00,20760.95,21251.45,20671.55,21100.1
6/11/2020 0:00,21084.7,21244.45,20458.3,20525.15
6/12/2020 0:00,19529.3,20747.7,19526.1,20654.55
6/15/2020 0:00,20457.15,20470.85,19740.2,19912.9
6/16/2020 0:00,20500.65,20638.85,19507.05,20296.7
6/17/2020 0:00,20137.45,20627.9,19978.15,20201.75
6/18/2020 0:00,20137.6,21028.35,20030.35,20956.3
6/19/2020 0:00,20970.1,21467.65,20878.25,21338.1
6/22/2020 0:00,21491.55,22078.25,21425.55,21708.35
6/23/2020 0:00,21859.25,22322.3,21647.8,22264.9
6/24/2020 0:00,22479.35,22479.55,21336.35,21426.8
6/25/2020 0:00,21218.05,21703.5,20926.45,21506.15
6/26/2020 0:00,21735.05,21784.65,21320.1,21592.05
6/29/2020 0:00,21291.55,21440.05,21026.45,21359
6/30/2020 0:00,21524.3,21650.5,21212,21370.15
7/1/2020 0:00,21354.1,22061.6,21281.85,21977.6
7/2/2020 0:00,22133.8,22344.85,21890.5,21953.2
7/3/2020 0:00,22101.75,22130.3,21768,21852.4
7/6/2020 0:00,22270.95,22399.25,22171.05,22198.95
7/7/2020 0:00,22254.3,22674.5,22040.35,22628
7/8/2020 0:00,22700.9,23080.6,22499.5,22584.65
7/9/2020 0:00,22753.15,22998.3,22673.4,22907.2
7/10/2020 0:00,22720.95,22835.2,22320.05,22398.45
7/13/2020 0:00,22613.25,22657.4,21981.65,22089.25
7/14/2020 0:00,21877.6,21909.7,21222.45,21392.2
7/15/2020 0:00,21634.25,21935.5,21230.55,21340.75
7/16/2020 0:00,21453.25,21671.25,21027.85,21597.15
7/17/2020 0:00,21608.05,22065,21550.8,21966.8
7/20/2020 0:00,22307.3,22520.45,22187.8,22321.85
7/21/2020 0:00,22639.85,22861.9,22597.95,22782
7/22/2020 0:00,23159,23211.35,22658.2,22882.6
7/23/2020 0:00,22854.85,23122.35,22734.9,23083.9
7/24/2020 0:00,22853.2,22854.05,22417.2,22662.05
7/27/2020 0:00,22664.6,22668.05,21801.35,21848.75
7/28/2020 0:00,21940.15,22233,21611.4,22105.2
7/29/2020 0:00,22075,22346.4,21906.35,22076.6
7/30/2020 0:00,22195.05,22252.6,21580.15,21646.85
7/31/2020 0:00,21730.55,21806.95,21375,21640.05
8/3/2020 0:00,21543.8,21543.8,21031.45,21072.1
8/4/2020 0:00,21248.25,21576.35,21057.75,21490.5
8/5/2020 0:00,21686.85,21936.5,21448.4,21509.95
8/6/2020 0:00,21644.25,21926.55,21370.3,21642.6
8/7/2020 0:00,21620.25,21787.25,21451.3,21754
8/10/2020 0:00,21824.9,22071.95,21795.1,21900.25
8/11/2020 0:00,22050.2,22277.6,22039.85,22227.2
8/12/2020 0:00,22135.95,22326.55,21990.2,22264
8/13/2020 0:00,22395.2,22439.95,22139.6,22196.35
8/14/2020 0:00,22334.95,22334.95,21459.1,21679.4
8/17/2020 0:00,21906.95,21909.4,21403.15,21700.85
8/18/2020 0:00,21702,22227.75,21629.4,22170.6
8/19/2020 0:00,22315.4,22419.35,22234.25,22285.9
8/20/2020 0:00,21989.9,22079.9,21886.7,21999.45
8/21/2020 0:00,22190.7,22344.05,22165.05,22299.6
8/24/2020 0:00,22436.85,22897.5,22410.05,22833
8/25/2020 0:00,22973.4,23180.3,22857.9,23092.15
8/26/2020 0:00,23175.55,23453.4,23093.15,23414.2
8/27/2020 0:00,23511.45,23704.05,23464.15,23600.35
8/28/2020 0:00,23635.3,24611.8,23599.2,24523.8
8/31/2020 0:00,25038.8,25232.6,23385.3,23754.35
9/1/2020 0:00,23893.8,24199.65,23473.15,23812
9/2/2020 0:00,23769,23926.15,23482.55,23874.55
9/3/2020 0:00,23986.15,24051.6,23451.65,23530.85
9/4/2020 0:00,23119.15,23394.8,22876.9,23011.5
9/7/2020 0:00,23036.25,23109.1,22716.25,22945.05
9/8/2020 0:00,22971.2,23064.15,22641.4,22744.4
9/9/2020 0:00,22486.7,22554.6,22080.4,22267
9/10/2020 0:00,22466.55,22678.65,22225.25,22466.2
9/11/2020 0:00,22509.95,22668.75,22205.95,22479.95
9/14/2020 0:00,22683.35,22757.3,22028.15,22101.25
9/15/2020 0:00,22202.8,22514.15,22062.35,22465.65
9/16/2020 0:00,22476.3,22659.4,22216.5,22573.55
9/17/2020 0:00,22352,22504.45,22267.05,22320.35
9/18/2020 0:00,22439.35,22469.4,21784.9,22031.05
9/21/2020 0:00,21983.4,22098.85,21274.3,21366.8
9/22/2020 0:00,21445.25,21473.35,20958.45,21139.1
9/23/2020 0:00,21350.8,21365.05,20821,21178.5
9/24/2020 0:00,20898.8,20955.6,20404.9,20456.85
9/25/2020 0:00,20740.8,21064.3,20430.7,20982.35
9/28/2020 0:00,21152.05,21708.85,21055.1,21665.5
9/29/2020 0:00,21770.9,21811.5,21280.6,21411.3
9/30/2020 0:00,21405.25,21549.35,21128.5,21451.8
10/1/2020 0:00,21685.25,22293.75,21664.15,22246
10/5/2020 0:00,22352.1,22768.55,22247.25,22370.95
10/6/2020 0:00,22673.05,22893.5,22521.05,22853.7
10/7/2020 0:00,22836.95,23036.2,22607.8,22964.8
10/8/2020 0:00,23150.25,23450.9,23063.6,23191.35
10/9/2020 0:00,23312.6,23904.1,23132.45,23846.8
10/12/2020 0:00,23955.6,24190.35,23552.6,23712.8
10/13/2020 0:00,23663.05,23775.15,23431.5,23492.2
10/14/2020 0:00,23353.15,23962.7,23149.45,23874.65
10/15/2020 0:00,23920.35,24087.85,22970.95,23072.4
10/16/2020 0:00,23219.85,23646.2,23148.95,23533.25
10/19/2020 0:00,23902.9,24320.95,23754.85,24266.75
10/20/2020 0:00,24117.35,24410.9,24039.85,24311.8
10/21/2020 0:00,24444.2,24823.6,24099.85,24635.05
10/22/2020 0:00,24447.35,24691.15,24250.2,24484.15
10/23/2020 0:00,24669.2,24764.15,24360.85,24478.3
10/26/2020 0:00,24525.8,24577.3,23867.75,24075.45
10/27/2020 0:00,24288.05,24809.65,23924.2,24769.5
10/28/2020 0:00,24737.85,24780.7,24057.95,24232.5
10/29/2020 0:00,24063.5,24339.1,23822.05,24092
10/30/2020 0:00,24090.15,24277.35,23612.7,23900.9
11/2/2020 0:00,24367.6,25139,24120.6,24892.5
11/3/2020 0:00,25108,25760.7,25085.7,25682.8
11/4/2020 0:00,25539.55,25891,25142,25771.6
11/5/2020 0:00,26174.8,26375.2,26000.05,26313.1
11/6/2020 0:00,26274.1,26853.45,26135.3,26798.95
11/9/2020 0:00,27088.95,27595,27068.95,27534.1
11/10/2020 0:00,28039.45,28802.5,27916.9,28606
11/11/2020 0:00,28713.15,29030.9,28211.1,28845
11/12/2020 0:00,28633.75,28672.9,28066.05,28278.8
11/13/2020 0:00,28108.7,28520.55,27703.3,28465.7
11/14/2020 0:00,28685.7,28752.45,28431.85,28594.3
11/17/2020 0:00,28792.25,29239.25,28722.9,29181.3
11/18/2020 0:00,29107.9,29784.75,29056.75,29749.85
11/19/2020 0:00,29302.6,29627.2,28819.55,28903.05
11/20/2020 0:00,28935.75,29406.7,28580.9,29236
11/23/2020 0:00,29432.8,29492.3,28852.9,29024.2
11/24/2020 0:00,29265.6,29827.8,29206.75,29737.25
11/25/2020 0:00,30021.9,30197.85,29132.3,29196.4
11/26/2020 0:00,29370.4,29623,28923.1,29549.75
11/27/2020 0:00,29622,29716.85,29368.7,29609.05
12/1/2020 0:00,29844.8,29919.75,29511,29817.85
12/2/2020 0:00,29876.7,29886.25,29149.9,29463.15
12/3/2020 0:00,29728.9,29813,29379.4,29448.75
12/4/2020 0:00,29573.4,30162.3,29473.5,30052.4
12/7/2020 0:00,30062.6,30354.2,29950.6,30211.55
12/8/2020 0:00,30300.3,30363.8,30025.2,30261.9
12/9/2020 0:00,30335.05,30807.25,30326.7,30709.4
12/10/2020 0:00,30545.35,30610,30202.1,30510.35
12/11/2020 0:00,30555.3,30811.8,30328.45,30604.85
12/14/2020 0:00,30735.15,30845.8,30624.25,30745.9
12/15/2020 0:00,30805.4,30805.85,30345.75,30691.05
12/16/2020 0:00,30920.35,30932.25,30587.1,30698.4
12/17/2020 0:00,30791.2,30945.2,30643.9,30847.05
12/18/2020 0:00,30841.85,30854.05,30374.5,30714.65
12/21/2020 0:00,30595.8,30607.5,29201.2,29456.45
12/22/2020 0:00,29607.5,29711.15,28976.75,29625.95
12/23/2020 0:00,29560.75,29941.4,29446,29883.3
12/24/2020 0:00,30071.65,30545.85,30007.8,30402.2
12/28/2020 0:00,30558.85,30929.05,30538.15,30880.95
12/29/2020 0:00,31006.9,31359.35,31002.6,31322.5
12/30/2020 0:00,31479.8,31510.25,31007.15,31303.05
12/31/2020 0:00,31295.9,31409.5,31088.1,31264.05
1/1/2021 0:00,31297.3,31384.35,31188.25,31225.85
1/4/2021 0:00,31485.15,31489.6,30893.65,31212.45
1/5/2021 0:00,31041.1,31767.65,30935.55,31722.25
1/6/2021 0:00,31839.95,31982.3,31548.15,31797.9
1/7/2021 0:00,32129.8,32177.4,31911.5,31956
1/8/2021 0:00,32298.05,32298.05,32002.95,32084.2
1/11/2021 0:00,32280.3,32288.45,31836.95,31998.9
1/12/2021 0:00,31835.05,32397.95,31725.85,32339
1/13/2021 0:00,32546.6,32683.5,32148.25,32574.65
1/14/2021 0:00,32526.7,32718.95,32442.35,32519.75
1/15/2021 0:00,32508.9,32544.8,32044.35,32246.8
1/18/2021 0:00,32275.15,32441.5,31650.9,31811.75
1/19/2021 0:00,32082.9,32464.95,31863.95,32424.85
1/20/2021 0:00,32388.95,32607.45,32322.9,32543.7
1/21/2021 0:00,32732.8,32842.3,31985.55,32186.9
1/22/2021 0:00,32088,32131.4,31119.9,31167.25
1/25/2021 0:00,31507.15,31697.55,31013.65,31198.4
1/27/2021 0:00,31236.25,31287.05,30165.65,30284.55
1/28/2021 0:00,29812.3,30464.4,29687.7,30358.3
1/29/2021 0:00,30700.65,31111.95,30254.55,30565.5
2/1/2021 0:00,30976.35,33305.3,30906.45,33089.05
2/2/2021 0:00,33589.05,34652.5,33583.15,34267.9
2/3/2021 0:00,34555.6,34908.05,34011.9,34758.45
2/4/2021 0:00,34548.9,35413.15,34238.9,35344.8
2/5/2021 0:00,35634.95,36615.2,35545,35654.5
2/8/2021 0:00,36073.85,36466.45,35872.25,35983.65
2/9/2021 0:00,36058.8,36477.15,35636.85,36056.5
2/10/2021 0:00,36042.35,36227.2,35428.15,35783.1
2/11/2021 0:00,35687.25,36009.45,35573.3,35752.1
2/12/2021 0:00,35736.6,36322.8,35700.25,36108.9
2/15/2021 0:00,36501.4,37449.9,36405.1,37306.25
2/16/2021 0:00,37492.6,37708.75,36762.75,37098.4
2/17/2021 0:00,37041.95,37331.45,36764.25,36910.95
2/18/2021 0:00,37088.75,37108.75,36367.45,36587
2/19/2021 0:00,36371.55,36656.2,35584.6,35841.6
2/22/2021 0:00,35874.3,36128.9,35097.55,35257.2
2/23/2021 0:00,35540.55,35680.85,34976,35116.95
2/24/2021 0:00,35205.4,36567.65,35060.65,36452.3
2/25/2021 0:00,36763.15,37232.2,36494,36549
2/26/2021 0:00,35806.65,35902.9,34658.7,34803.6
3/1/2021 0:00,35374.25,35581.1,34983.75,35296
3/2/2021 0:00,35458.15,35747.05,35002.45,35419.7
3/3/2021 0:00,35754.45,36455.15,35570.55,36368.05
3/4/2021 0:00,35575.65,36316.4,35519.25,35802.5
3/5/2021 0:00,35458.5,35616.05,34893.25,35228.15
3/8/2021 0:00,35462.45,35827.3,35090.75,35275.75
3/9/2021 0:00,35705.9,36077.8,35544.95,35865.65
3/10/2021 0:00,36112.25,36176.9,35764.35,35938.3
3/12/2021 0:00,36497.35,36497.35,35188.05,35496.65
3/15/2021 0:00,35544.25,35544.25,34430.65,35182.55
3/16/2021 0:00,35352,35405.05,34744.6,34804.6
3/17/2021 0:00,34905.05,35100.5,34126.85,34229.25
3/18/2021 0:00,34577.5,34759.85,33597.55,33856.8
3/19/2021 0:00,33590.4,34355.4,33361,34161.6
3/22/2021 0:00,34088.4,34148.9,33389.15,33603.45
3/23/2021 0:00,33747.95,34360.05,33622,34184.4
3/24/2021 0:00,33894.7,33970.65,33203.4,33293.25
3/25/2021 0:00,33420.75,33550.15,32415.25,33006.45
3/26/2021 0:00,33605.05,33610.65,33166.1,33318.2
3/30/2021 0:00,33615.9,33990.8,33564.55,33875.1
3/31/2021 0:00,33764.8,33773.1,33151.8,33303.9
4/1/2021 0:00,33588,33949.15,33208.75,33858
4/5/2021 0:00,33649.15,33697.75,32330.15,32678.85
4/6/2021 0:00,32915.65,33007.65,32338.4,32501.35
4/7/2021 0:00,32529.7,33191.7,32141.55,32991.2
4/8/2021 0:00,33154.2,33306.8,32704.75,32782.85
4/9/2021 0:00,32636.9,32972.15,32329.95,32448.05
4/12/2021 0:00,31637.9,31698.05,30520.3,30792
4/13/2021 0:00,30901.8,31885.45,30722.85,31771.6
4/15/2021 0:00,31929.1,32187.05,31406.4,32112.85
4/16/2021 0:00,32161.45,32325.15,31911.9,31977.45
4/19/2021 0:00,30993.45,31304.3,30405.65,31208.4
4/20/2021 0:00,31568.95,31731.65,30891,31112.7
4/22/2021 0:00,30763.5,31834.5,30555.25,31782.6
4/23/2021 0:00,31490.6,32148.4,31377.15,31722.3
4/26/2021 0:00,32316.65,32603.7,32144.8,32275.15
4/27/2021 0:00,32228.95,32807.1,32152.95,32735.35
4/28/2021 0:00,32865.5,33777.7,32840.3,33722.8
4/29/2021 0:00,33901.6,34287,33304.6,33714.5
4/30/2021 0:00,33112.4,33455.25,32663.4,32781.8
5/3/2021 0:00,32368.55,32566.6,31906.55,32465.75
5/4/2021 0:00,32610.4,33011.55,32191.4,32270.35
5/5/2021 0:00,32577.1,32862.15,32068.55,32783.7
5/6/2021 0:00,32900.75,32956.35,32564,32827.8
5/7/2021 0:00,33041.65,33259.15,32771.35,32904.5
5/10/2021 0:00,33175.3,33297.6,33028.15,33142.4
5/11/2021 0:00,32640.95,33154.3,32611.7,32872.2
5/12/2021 0:00,32717.65,32747.7,32352.3,32452.3
5/14/2021 0:00,32495.15,32622.65,32115.5,32169.55
5/17/2021 0:00,32437.85,33506.9,32318.7,33459.25
5/18/2021 0:00,33893.1,34142.85,33730.45,33922.4
5/19/2021 0:00,33717.1,33959.3,33608.25,33685.2
5/20/2021 0:00,33692.55,33833.7,33273.95,33334.55
5/21/2021 0:00,33559.8,34694.45,33559.75,34606.9
5/24/2021 0:00,34869.3,35216.1,34528.3,34943.6
5/25/2021 0:00,35095,35125.85,34410.4,34662
5/26/2021 0:00,34757.15,34897.95,34462.5,34684.2
5/27/2021 0:00,34664.2,35220.8,34529.7,35095.05
5/28/2021 0:00,35345.65,35436.65,34977.2,35141.45
5/31/2021 0:00,35097.45,35584.3,34930.1,35526.65
6/1/2021 0:00,35639.75,35713.9,35241.2,35337.2
6/2/2021 0:00,35271.6,35415.85,35070.3,35373.75
6/3/2021 0:00,35536.45,35723.7,35413,35649
6/4/2021 0:00,35657.85,35810.9,35176.15,35291.65
6/7/2021 0:00,35460.8,35545.85,35338.55,35443.65
6/8/2021 0:00,35433.8,35449.5,34962.65,35085.3
6/9/2021 0:00,35114.25,35402.45,34641.2,34800.5
6/10/2021 0:00,34903.6,35165.65,34734.4,35131.2
6/11/2021 0:00,35324.65,35344,34891.3,35047.4
6/14/2021 0:00,34936.55,34995.15,34374.35,34950.6
6/15/2021 0:00,35038.05,35317.4,34917.9,35247.75
6/16/2021 0:00,35196.25,35380,34916.2,35003.5
6/17/2021 0:00,34619.8,34882.4,34458.1,34605.4
6/18/2021 0:00,34735.15,34787.4,33908.95,34558
6/21/2021 0:00,34109.45,34927.65,33937.5,34871.3
6/22/2021 0:00,35084.9,35281.9,34664.35,34745
6/23/2021 0:00,34911.85,34937.65,34525.45,34574
6/24/2021 0:00,34687.7,34935.3,34592.35,34827
6/25/2021 0:00,34916.65,35491.95,34915.85,35364.65
6/28/2021 0:00,35488.2,35576.95,35236.45,35359.45
6/29/2021 0:00,35320.45,35337.45,34913.7,35010.3
6/30/2021 0:00,35001.9,35214.9,34730.45,34772.2
7/1/2021 0:00,34866,34917.65,34650.95,34684
7/2/2021 0:00,34728.1,34894.45,34632.6,34809.9
7/5/2021 0:00,35010.95,35234.3,34926.4,35212
7/6/2021 0:00,35173.6,35807.45,35165.55,35579.15
7/7/2021 0:00,35550.6,35795.75,35427.65,35771.3
7/8/2021 0:00,35603.25,35811,35134.65,35274.1
7/9/2021 0:00,35163.75,35225.2,34859.9,35071.95
7/12/2021 0:00,35285.05,35394.3,35060.35,35198.9
7/13/2021 0:00,35480.05,35727.85,35340.7,35673.4
7/14/2021 0:00,35585.85,35804.05,35434.75,35668.25
7/15/2021 0:00,35757.45,35985.25,35625.7,35907.65
7/16/2021 0:00,35977.95,35977.95,35674.75,35751.8
7/19/2021 0:00,35070.5,35347.05,34899.2,35079.2
7/20/2021 0:00,34791.15,34894.15,34357.35,34415.45
7/22/2021 0:00,34774.55,34989.1,34557.85,34677.3
7/23/2021 0:00,34748.35,35088,34404.75,35034.4
7/26/2021 0:00,34947.85,35138.2,34669.55,34949.7
7/27/2021 0:00,35029.3,35186.1,34713.55,34797.45
7/28/2021 0:00,34839.45,34841.55,34115.2,34532.9
7/29/2021 0:00,34740.3,34778.15,34495.2,34691.5
7/30/2021 0:00,34698.75,34738.75,34445.4,34584.35
8/2/2021 0:00,34760.9,34861.75,34588.25,34710
8/3/2021 0:00,34660.75,35238.45,34649.2,35207.45
8/4/2021 0:00,35388.15,36219.8,35313,36028.05
8/5/2021 0:00,36093.95,36115.45,35661.3,35834.75
8/6/2021 0:00,35875.8,36080.1,35700.45,35809.25
8/9/2021 0:00,35824.2,36159.85,35612.3,36028.95
8/10/2021 0:00,35954.55,36317,35890.5,36034.1
8/11/2021 0:00,36218.25,36227.55,35531.35,35806.4
8/12/2021 0:00,35825.4,35998.15,35702.9,35937.05
8/13/2021 0:00,36000.75,36233.3,35937.1,36169.35
8/16/2021 0:00,36100.65,36261.55,36032.4,36094.5
8/17/2021 0:00,35935.05,35993.7,35611.85,35867.45
8/18/2021 0:00,36222.5,36248.9,35432,35554.5
8/20/2021 0:00,35146.5,35306.5,34926.5,35033.85
8/23/2021 0:00,35424.2,35427.4,34817.5,35124.4
8/24/2021 0:00,35200.75,35795.3,35070,35712.1
8/25/2021 0:00,35768.85,35910.3,35499.65,35586.25
8/26/2021 0:00,35485.95,35785.8,35411.8,35617.55
8/27/2021 0:00,35559.75,35727.9,35359.25,35627.8
8/30/2021 0:00,35781.05,36398.45,35721.9,36347.65
8/31/2021 0:00,36367.4,36552.8,36216.2,36424.6
9/1/2021 0:00,36591.45,36997.7,36487.15,36574.3
9/2/2021 0:00,36588.4,36895.55,36469,36831.3
9/3/2021 0:00,36883.65,37140,36563.2,36761.15
9/6/2021 0:00,36878.25,36923.65,36554.45,36592.35
9/7/2021 0:00,36558.85,36685.85,36151.95,36468.8
9/8/2021 0:00,36519.7,36855.9,36393.6,36768.2
9/9/2021 0:00,36725.5,36857.2,36566.7,36683.2
9/13/2021 0:00,36608.45,36724.85,36327.05,36471.8
9/14/2021 0:00,36639.95,36756,36529.65,36613.05
9/15/2021 0:00,36543.55,36949.7,36496.05,36852.25
9/16/2021 0:00,36946,37720.15,36907.75,37668.6
9/17/2021 0:00,37929.5,38112.75,37396.05,37811.95
9/20/2021 0:00,37388.2,37802.75,37068.45,37145.7
9/21/2021 0:00,37238.4,37340.7,36525.95,37235.85
9/22/2021 0:00,37277.1,37328.6,36885.6,36944.65
9/23/2021 0:00,37241.25,37830.75,37216.15,37771.7
9/24/2021 0:00,37954,38112.6,37680,37830.3
9/27/2021 0:00,38054.75,38355.2,37968.2,38171.25
9/28/2021 0:00,38360,38377.25,37315.2,37945
9/29/2021 0:00,37601.1,37923.45,37371.05,37743
9/30/2021 0:00,37677.8,37884.85,37354.25,37425.1
10/1/2021 0:00,37140.4,37299.4,36876.35,37225.9
10/4/2021 0:00,37392.15,37670.7,37355.6,37579.65
10/5/2021 0:00,37499.8,37786.6,37364.75,37741
10/6/2021 0:00,37768.8,38106.85,37452,37521.55
10/7/2021 0:00,37894,37923.65,37650.25,37753.2
10/8/2021 0:00,37906.4,38105.2,37674.35,37775.25
10/11/2021 0:00,37782.75,38495.3,37744.65,38293.8
10/12/2021 0:00,38178.35,38609.6,38144.6,38521.5
10/13/2021 0:00,38735.3,38779.05,38502.7,38635.75
10/14/2021 0:00,38684.65,39375.05,38673,39340.9
10/18/2021 0:00,39794.25,39947.6,39569.55,39684.8
10/19/2021 0:00,39927.3,40011.15,39394.25,39540.5
10/20/2021 0:00,39545.45,39774.55,39292.8,39518.2
10/21/2021 0:00,39676.55,40200.45,39428.1,40030.2
10/22/2021 0:00,40192.65,40587.35,40149.55,40323.65
10/25/2021 0:00,40961.25,41829.6,40508.1,41192.4
10/26/2021 0:00,41057.75,41367.25,40829.15,41238.3
10/27/2021 0:00,41234.55,41347,40750,40874.35
10/28/2021 0:00,40915.15,40931.05,39350.2,39508.95
10/29/2021 0:00,39424.55,39775.25,38426.65,39115.6
11/1/2021 0:00,39432.15,39862.6,39120.65,39763.75
11/2/2021 0:00,39796.9,40107.6,39590.7,39938.45
11/3/2021 0:00,40040.65,40160.2,39304.85,39402.05
11/4/2021 0:00,39669.1,39734.7,39514.15,39573.7
11/8/2021 0:00,39674.05,39674.05,38932.15,39438.25
11/9/2021 0:00,39517.85,39560.6,39223.4,39368.8
11/10/2021 0:00,39206.2,39220.3,38873.8,39023.25
11/11/2021 0:00,38913.05,38929.95,38346.05,38560.2
11/12/2021 0:00,38707.15,38822.85,38467.8,38733.35
11/15/2021 0:00,38849.45,39117.15,38606.6,38702.35
11/16/2021 0:00,38710.9,38724.7,38211.1,38307.1
11/17/2021 0:00,38113.4,38456.3,37981.2,38041.55
11/18/2021 0:00,38071.9,38233.95,37748.45,37976.25
11/22/2021 0:00,38232.15,38241,36655.4,37128.8
11/23/2021 0:00,36787,37448.75,36647.55,37272.8
11/24/2021 0:00,37384.75,37891.9,37238.05,37441.95
11/25/2021 0:00,37362.05,37507.95,37118.4,37364.75
11/26/2021 0:00,36830.9,36868.9,35904.1,36025.5
11/29/2021 0:00,36224.45,36347.85,35327.9,35976.45
11/30/2021 0:00,35958.8,36774.2,35526.35,35695.3
12/1/2021 0:00,35902.9,36445.35,35805,36364.9
12/2/2021 0:00,36281.85,36563.5,36166.7,36508.25
12/3/2021 0:00,36497.3,36844,36062.85,36197.15
12/6/2021 0:00,36252.75,36344.55,35696.75,35735.9
12/7/2021 0:00,36086.95,36820.7,36013.95,36618.4
12/8/2021 0:00,37052.75,37384.8,36905.15,37284.7
12/9/2021 0:00,37331.75,37397.55,36884.45,37082.45
12/10/2021 0:00,37083.15,37153.25,36824.4,37105.65
12/13/2021 0:00,37358.2,37581.05,36861.9,36925.25
12/14/2021 0:00,36778.95,37039.05,36545.4,36893.95
12/15/2021 0:00,36929.5,37083.5,36743.2,36789.55
12/16/2021 0:00,37092.95,37159.3,36385.75,36548.65
12/17/2021 0:00,36491.8,36550.75,35535.05,35618.65
12/20/2021 0:00,35124.35,35231.1,34018.45,34439.85
12/21/2021 0:00,34863.35,35050,34389.95,34607.85
12/22/2021 0:00,34865.25,35112.1,34687.6,35029.5
12/23/2021 0:00,35350.5,35477.3,35046.25,35191.15
12/24/2021 0:00,35282.2,35327.95,34583.4,34857.05
12/27/2021 0:00,34573.65,35143.7,34233,35057.9
12/28/2021 0:00,35308.3,35352.4,35037.9,35183.8
12/29/2021 0:00,35168.85,35378.3,34890.8,35045.4
12/30/2021 0:00,34977.65,35179.05,34751.25,35063.6
12/31/2021 0:00,35114.4,35596.95,35113.75,35481.7
1/3/2022 0:00,35585.2,36492.1,35526.6,36421.9
1/4/2022 0:00,36551.25,36887.8,36374.4,36840.15
1/5/2022 0:00,36943.55,37862.4,36756.35,37695.9
1/6/2022 0:00,37242.55,37752.5,37058.45,37490.25
1/7/2022 0:00,37667.05,38134.85,37427.8,37739.6
1/10/2022 0:00,37930.55,38400.35,37929.35,38347.9
1/11/2022 0:00,38370,38504.6,38031.75,38442.2
1/12/2022 0:00,38719.6,38851.45,38604.6,38727.55
1/13/2022 0:00,38717.55,38717.55,38376.15,38469.95
1/14/2022 0:00,38302.35,38448.05,38007.75,38370.4
1/17/2022 0:00,38212.55,38617.5,38138.25,38216.15
1/18/2022 0:00,38337.4,38855.55,38095.4,38210.3
1/19/2022 0:00,38145.75,38330.5,37769.25,38041.35
1/20/2022 0:00,38106.1,38167.95,37591.85,37850.85
1/21/2022 0:00,37522.35,37741,37224.25,37574.3
1/24/2022 0:00,37601.95,37694.7,36375.35,36947.55
1/25/2022 0:00,36598.05,37788.8,36415.6,37706.75
1/27/2022 0:00,37058.2,38147.65,37012.25,37982.1
1/28/2022 0:00,38246.6,38421.7,37581.5,37689.4
1/31/2022 0:00,38091.8,38217.25,37647.85,37975.35
2/1/2022 0:00,38460.45,38802.7,37690.6,38505.5
2/2/2022 0:00,38841.55,39386.6,38752.65,39330.5
2/3/2022 0:00,39255.7,39424.85,38861.15,39010
2/4/2022 0:00,39128,39278.6,38562.6,38789.35
2/7/2022 0:00,38592.05,38837.55,37802.7,37995.45
2/8/2022 0:00,38176.1,38222.1,37319.05,38028.45
2/9/2022 0:00,38283.6,38648.15,38192,38610.25
2/10/2022 0:00,38801.45,39197.2,38520,39010.95
2/11/2022 0:00,38567.65,38790.25,38396.4,38517.25
2/14/2022 0:00,37664,37796.55,36828.05,36908.55
2/15/2022 0:00,36989.8,38231.6,36651.85,38170.1
2/16/2022 0:00,38296.5,38461.7,37762.8,37953.8
2/17/2022 0:00,38042.1,38124.5,37425.6,37531.65
2/18/2022 0:00,37344.45,37817.55,37304.45,37599.15
2/21/2022 0:00,37400,38054.4,37156.8,37685.6
2/22/2022 0:00,36833,37659.4,36818.1,37371.65
2/23/2022 0:00,37628.55,37774.6,37318,37392.05
2/24/2022 0:00,36085.2,36709.15,34991.35,35228.1
2/25/2022 0:00,35901.7,36684.65,35768.2,36430.75
2/28/2022 0:00,35938.95,36270.25,35611.9,36205.3
3/2/2022 0:00,35381.9,35553.7,34897.45,35372.8
3/3/2022 0:00,35621.15,35804.15,34721.15,34944.3
3/4/2022 0:00,34526.1,35097.75,34094.1,34407.8
3/7/2022 0:00,33278.15,33543.3,32376.5,32871.25
3/8/2022 0:00,32531.9,33263.55,32155.35,33158.1
3/9/2022 0:00,33278.9,33969.5,32948.9,33815.45
3/10/2022 0:00,35153.95,35374.15,34218.05,34475.6
3/11/2022 0:00,34331,34880.05,34094.3,34546.25
3/14/2022 0:00,34660.25,35435.1,34625.05,35312.15
3/15/2022 0:00,35467.95,35643.8,34706.05,35022.65
3/16/2022 0:00,35555.75,35806.35,35461.55,35748.25
3/17/2022 0:00,36302,36611.95,36261.65,36428.55
3/21/2022 0:00,36545.85,36600.2,35900.2,36018.5
3/22/2022 0:00,35975.6,36468.8,35384.75,36348.55
3/23/2022 0:00,36627.7,36827.6,36064.75,36147.35
3/24/2022 0:00,35633.7,35957.7,35421.7,35527.1
3/25/2022 0:00,35700.4,35717.4,35203.85,35410.1
3/28/2022 0:00,35488.7,35770.8,35016.3,35710.5
3/29/2022 0:00,35931.75,35977.2,35506.55,35847.4
3/30/2022 0:00,36241.55,36421.1,36070.55,36334.3
3/31/2022 0:00,36457.2,36590.85,36278.15,36373.6
4/1/2022 0:00,36298.35,37209.8,36242.35,37148.5
4/4/2022 0:00,37824.95,38765.85,37665.55,38635.2
4/5/2022 0:00,38731.3,38759.25,37935.95,38067.9
4/6/2022 0:00,37711.3,37868.5,37513.85,37632.8
4/7/2022 0:00,37421.75,37975.9,37346.8,37557.35
4/8/2022 0:00,37619.7,37884.2,37405.2,37752.05
4/11/2022 0:00,37591.75,37941.75,37524.45,37613.8
4/12/2022 0:00,37407.4,37920.6,37264.45,37747.4
4/13/2022 0:00,37887.3,37988.6,37408.2,37463.4
4/18/2022 0:00,36833.15,36965.85,36441.35,36729
4/19/2022 0:00,36806.8,37123.55,35926.3,36341.6
4/20/2022 0:00,36482.6,36513.85,36114.05,36314.9
4/21/2022 0:00,36513.1,36913.35,36395.7,36816.1
4/22/2022 0:00,36514.15,36578.95,35991.5,36044.75
4/25/2022 0:00,35792.35,36270.15,35511.4,36082.35
4/26/2022 0:00,36515.35,36604.55,36265.9,36404.8
4/27/2022 0:00,36067.55,36175.9,35747.15,36028.85
4/28/2022 0:00,36189.95,36501.1,35951.1,36422.2
4/29/2022 0:00,36474.05,36718.8,35978.95,36088.15
5/2/2022 0:00,35627.6,36235.25,35618.2,36163.75
5/4/2022 0:00,36266.15,36309.3,35127.85,35264.55
5/5/2022 0:00,35705.35,35934.85,35133.8,35232.85
5/6/2022 0:00,34569.1,34797.95,34353.2,34591.2
5/9/2022 0:00,34091.75,34554.35,33927.2,34275.4
5/10/2022 0:00,34181.2,34781.8,34176.8,34482.65
5/11/2022 0:00,34686.3,34793.2,34143.2,34693.15
5/12/2022 0:00,34289.1,34341.2,33297.65,33532.15
5/13/2022 0:00,33925.95,34002.2,33007.9,33121.35
5/16/2022 0:00,33256,33821.65,33001.75,33597.6
5/17/2022 0:00,33796.2,34366.05,33680.6,34301.9
5/18/2022 0:00,34448.2,34655.8,34134.7,34163.7
5/19/2022 0:00,33461,33633.95,33180.6,33315.65
5/20/2022 0:00,33765.15,34358.05,33658.05,34276.4
5/23/2022 0:00,34321.4,34819.95,34117.35,34247.6
5/24/2022 0:00,34223.2,34586.45,34115.8,34290.15
5/25/2022 0:00,34491.8,34722.6,34285.8,34339.5
5/26/2022 0:00,34670.6,35222.05,34424.75,35094.9
5/27/2022 0:00,35326.6,35694.85,35291.95,35613.3
5/30/2022 0:00,35958.8,36083.7,35748.45,35826.95
5/31/2022 0:00,35615.3,35881.95,35288.95,35487.4
6/1/2022 0:00,35358.95,35768.7,35285.45,35620.8
6/2/2022 0:00,35470.95,35676.2,35385,35613.65
6/3/2022 0:00,35929.55,35958.45,35175.1,35275.05
6/6/2022 0:00,35159.15,35424.5,35072.3,35310.2
6/7/2022 0:00,35080.8,35154.3,34834.4,34996
6/8/2022 0:00,35165.65,35449.9,34831.75,34946.15
6/9/2022 0:00,34802.25,35149.1,34659.1,35085.45
6/10/2022 0:00,34686.95,34752.45,34346.65,34483.8
6/13/2022 0:00,33728.65,33774.05,33210.35,33405.85
6/14/2022 0:00,33180.6,33618.15,33123.9,33311.35
6/15/2022 0:00,33317.8,33554.55,33249.55,33339
6/16/2022 0:00,33648.8,33756.5,32537.95,32617.1
6/17/2022 0:00,32393.45,32889.8,32290.55,32743.05
6/20/2022 0:00,32873.4,32926.1,32426.4,32684.8
6/21/2022 0:00,32978.05,33593.8,32797.55,33191.75
6/22/2022 0:00,33051.65,33106.95,32758.15,32845.3
6/23/2022 0:00,32927.4,33431.75,32652.15,33135
6/24/2022 0:00,33434.8,33721.9,33390.85,33627.45
6/27/2022 0:00,34126.2,34147.5,33735.5,33811.25
6/28/2022 0:00,33578.2,33745.3,33503.3,33642.45
6/29/2022 0:00,33273.55,33422.8,33185.25,33269.9
6/30/2022 0:00,33180.7,33659.3,33179.6,33425.1
7/1/2022 0:00,33264.75,33666.5,33080.45,33539.45
7/4/2022 0:00,33558.85,33978.5,33515.6,33940.9
7/5/2022 0:00,34084.7,34361.05,33757,33815.9
7/6/2022 0:00,33929.4,34388.5,33876.15,34324.25
7/7/2022 0:00,34627.4,34965.75,34553.1,34920.3
7/8/2022 0:00,35258.9,35262.1,34977.75,35124.05
7/11/2022 0:00,35017.6,35543.1,35006.55,35469.65
7/12/2022 0:00,35298.7,35419.65,35047.5,35132.25
7/13/2022 0:00,35259.8,35308.15,34757.6,34827.8
7/14/2022 0:00,34817.95,35027.6,34558.45,34651.2
7/15/2022 0:00,34734.45,34899.95,34463.9,34682.65
7/18/2022 0:00,34841.85,35382.5,34804.4,35358.7
7/19/2022 0:00,35113.25,35761.65,35110.5,35720.35
7/20/2022 0:00,36061.3,36182.7,35876.55,35972.1
7/21/2022 0:00,36026.55,36331.7,35887.35,36201
7/22/2022 0:00,36322.9,36823.45,36286.35,36738.95
7/25/2022 0:00,36766.7,37011.2,36464.65,36726.4
7/26/2022 0:00,36688.55,36695.75,36334.1,36408.5
7/27/2022 0:00,36370.55,36808.3,36248.6,36783.75
7/28/2022 0:00,37102.45,37414.4,37028.5,37378.15
7/29/2022 0:00,37717.3,37754.65,37221.15,37491.4
8/1/2022 0:00,37594.15,37939.6,37407.2,37903.2
8/2/2022 0:00,37767.7,38179.85,37632.3,38024
8/3/2022 0:00,37954.55,38068.6,37692.95,37989.25
8/4/2022 0:00,38111.05,38231.85,37249.5,37755.55
8/5/2022 0:00,37868.25,38150.45,37779.9,37920.6
8/8/2022 0:00,37847.35,38302.35,37681.45,38237.4
8/10/2022 0:00,38298.85,38402.95,38155.3,38287.85
8/11/2022 0:00,38712.95,38932.1,38648.9,38879.85
8/12/2022 0:00,38942.45,39088.9,38739.95,39042.3
8/16/2022 0:00,39284.1,39444.6,39119.9,39239.65
8/17/2022 0:00,39351.3,39504.5,39202.8,39461.7
8/18/2022 0:00,39324.4,39703.7,39291.15,39656.15
8/19/2022 0:00,39732.65,39759.15,38848.4,38985.95
8/22/2022 0:00,38693.65,38732.85,38247.25,38297.75
8/23/2022 0:00,37955.45,38869.9,37950.85,38697.65
8/24/2022 0:00,38552.7,39120.8,38552.2,39038.5
8/25/2022 0:00,39190.05,39471.75,38803.7,38950.75
8/26/2022 0:00,39129.65,39337.1,38846.8,38987.15
8/29/2022 0:00,38111.6,38397.1,37943.85,38276.7
8/30/2022 0:00,38516.95,39606.55,38472.7,39536.75
9/1/2022 0:00,38806.7,39667.65,38803.3,39301.25
9/2/2022 0:00,39422.3,39595.85,39200.45,39421
9/5/2022 0:00,39412.05,39865.2,39407.4,39805.75
9/6/2022 0:00,39892.95,40073.75,39564.3,39666.5
9/7/2022 0:00,39337.75,39572.05,39258.25,39455.9
9/8/2022 0:00,39763.9,40265.75,39706.4,40208.95
9/9/2022 0:00,40520.75,40685.95,40280.3,40415.7
9/12/2022 0:00,40540.45,40684.9,40377.9,40574
9/13/2022 0:00,40802.1,40904.3,40693.95,40873.1
9/14/2022 0:00,40308.8,41626.9,40288.9,41405.4
9/15/2022 0:00,41533.7,41840.15,41153.5,41209.2
9/16/2022 0:00,40977.2,41162.5,40502.05,40776.8
9/19/2022 0:00,40685.6,41184.25,40509.9,40904.4
9/20/2022 0:00,41304.15,41677.65,41207.3,41468.3
9/21/2022 0:00,41282.6,41501.7,40889.15,41203.45
9/22/2022 0:00,40889.05,41159.2,40360.2,40630.6
9/23/2022 0:00,40429.35,40528.4,39412.7,39546.25
9/26/2022 0:00,39027.85,39229.4,38492.2,38616.25
9/27/2022 0:00,38811.7,39050.5,38184.9,38359.15
9/28/2022 0:00,38081.25,38368.8,37626.2,37759.85
9/29/2022 0:00,38092.85,38283.4,37536.65,37647.75
9/30/2022 0:00,37660,38811,37386.35,38631.95
10/3/2022 0:00,38444.9,38641.6,37963.25,38029.65
10/4/2022 0:00,38700.4,39177.5,38596.9,39110.05
10/6/2022 0:00,39343.7,39608.35,39232.9,39282.85
10/7/2022 0:00,39093.5,39235.05,38807.5,39178.05
10/10/2022 0:00,38641.55,39315.7,38518.3,39093.1
10/11/2022 0:00,39058.85,39174.95,38622.75,38712.45
10/12/2022 0:00,38784.2,39164.1,38606.4,39118.55
10/13/2022 0:00,38957.65,39061.3,38437.95,38624
10/14/2022 0:00,39446.05,39570.85,39196.3,39305.6
10/17/2022 0:00,39295.6,39974.7,39146.7,39920.45
10/18/2022 0:00,40252.05,40435.35,40139.85,40318.75
10/19/2022 0:00,40556.65,40643.6,40195.2,40373.2
10/20/2022 0:00,40149.5,40208.35,39848.85,40099.55
10/21/2022 0:00,40370.75,41032.25,40355.45,40784.05
10/24/2022 0:00,41348.35,41427.25,41201.15,41304.9
10/25/2022 0:00,41513.65,41530.65,41021.45,41122.75
10/27/2022 0:00,41440.7,41511.8,41178.65,41299.3
10/28/2022 0:00,41236.8,41482.4,40839.3,40990.85
10/31/2022 0:00,41265.7,41353.7,41106.1,41307.9
11/1/2022 0:00,41552.4,41677.25,41188.55,41289.55
11/2/2022 0:00,41472.6,41474.3,41060.45,41146.65
11/3/2022 0:00,40873.7,41478,40819.15,41298.35
11/4/2022 0:00,41314.85,41516.2,41051.15,41258.45
11/7/2022 0:00,41740.65,41779.4,41337.05,41686.7
11/9/2022 0:00,41914.85,41948.9,41667.9,41783.2
11/10/2022 0:00,41462.85,41643.9,41318.6,41603.75
11/11/2022 0:00,42163.4,42345.5,41918.1,42137.05
11/14/2022 0:00,42177.55,42231.45,41965.45,42076.75
11/15/2022 0:00,42234.85,42450.05,42079.55,42372.7
11/16/2022 0:00,42371.8,42611.75,42296.3,42535.3
11/17/2022 0:00,42399.65,42622.75,42366.55,42458.05
11/18/2022 0:00,42545.75,42590.75,42223.7,42437.45
11/21/2022 0:00,42286.95,42386.8,42202.55,42346.55
11/22/2022 0:00,42467.4,42508.75,42347.15,42457.05
11/23/2022 0:00,42668.55,42860.55,42556.4,42729.1
11/24/2022 0:00,42838.35,43163.4,42769.65,43075.4
11/25/2022 0:00,43192.45,43339.15,42864.95,42983.95
11/28/2022 0:00,42757.2,43159.8,42740,43020.45
11/29/2022 0:00,42959.4,43279.6,42959.4,43053.45
11/30/2022 0:00,43122.75,43332.3,42880.05,43231
12/1/2022 0:00,43512.1,43515.05,43101.85,43260.65
12/2/2022 0:00,42976.7,43131.9,42937.8,43103.75
12/5/2022 0:00,43269.35,43372.15,42985,43332.95
12/6/2022 0:00,43093.9,43306.85,43076.4,43138.55
12/7/2022 0:00,43157.35,43327.35,42948.45,43098.7
12/8/2022 0:00,43142.25,43640.9,43095.3,43596.85
12/9/2022 0:00,43765.3,43853.4,43361.7,43633.45
12/12/2022 0:00,43455.85,43767.05,43378.8,43708.75
12/13/2022 0:00,43793.7,43983.8,43767.75,43946.55
12/14/2022 0:00,44078.6,44151.8,43987.95,44049.1
12/15/2022 0:00,43940.1,44120.6,43379.1,43498.2
12/16/2022 0:00,43261.75,43598.2,43080.55,43219.5
12/19/2022 0:00,43346.35,43451.45,43110.3,43413.75
12/20/2022 0:00,43152.65,43426.2,42955.4,43359.5
12/21/2022 0:00,43525.75,43614.65,42363.8,42617.95
12/22/2022 0:00,42864,42933.5,42231.35,42408.8
12/23/2022 0:00,41951.35,42226.65,41597.65,41668.05
12/26/2022 0:00,41716.35,42846.15,41569.45,42630.15
12/27/2022 0:00,42827.75,42927.2,42394.15,42859.5
12/28/2022 0:00,42733.6,43034.95,42694.85,42827.7
12/29/2022 0:00,42684.9,43498.05,42489.8,43252.35
12/30/2022 0:00,43401.7,43422.95,42833.1,42986.45
1/2/2023 0:00,43038.25,43382.75,42961.75,43203.1
1/3/2023 0:00,43151.45,43482.8,43148.45,43425.25
1/4/2023 0:00,43417.5,43578.4,42858.65,42958.8
1/5/2023 0:00,43073.05,43137.55,42298.6,42608.7
1/6/2023 0:00,42649.7,42685.9,41877,42188.8
1/9/2023 0:00,42404.85,42716.8,42186.55,42582.75
1/10/2023 0:00,42642,42674.25,41835.75,42014.75
1/11/2023 0:00,42071.85,42318,41729,42232.7
1/12/2023 0:00,42238.5,42343.5,41742.95,42082.25
1/13/2023 0:00,42171.25,42453.95,41885.6,42371.25
1/16/2023 0:00,42622.5,42715.65,42066.55,42167.55
1/17/2023 0:00,42241.2,42383.8,41861.1,42235.05
1/18/2023 0:00,42271.8,42555.9,42119.65,42458
1/19/2023 0:00,42416.3,42506.25,42234.9,42328.85
1/20/2023 0:00,42516.05,42709.2,42366.15,42506.8
1/23/2023 0:00,42891.45,43005.85,42727.7,42821.25
1/24/2023 0:00,42994.45,43078.9,42615.65,42733.45
1/25/2023 0:00,42703.6,42733.05,41540.3,41647.65
1/27/2023 0:00,41382.35,41417.9,40148.8,40345.3
1/30/2023 0:00,39856.15,40789.55,39419.8,40387.45
1/31/2023 0:00,40563.85,40811.65,40167.7,40655.05
2/1/2023 0:00,41115,42015.65,39490.5,40513
2/2/2023 0:00,39943.35,40757.6,39761.45,40669.3
2/3/2023 0:00,41019.35,41539.95,40609.75,41499.7
2/6/2023 0:00,41530.15,41724.5,41261.2,41374.65
2/7/2023 0:00,41513.1,41630.75,41095.1,41490.95
2/8/2023 0:00,41542.05,41791.95,41403.05,41537.65
2/9/2023 0:00,41634,41634,41252.95,41554.3
2/10/2023 0:00,41452.4,41678.9,41424.9,41559.4
2/13/2023 0:00,41563.5,41662.55,41157.9,41282.2
2/14/2023 0:00,41410.45,41718,41195.75,41648.35
2/15/2023 0:00,41674.6,41795.45,41455.6,41731.05
2/16/2023 0:00,41925.7,41979.1,41521.95,41631.35
2/17/2023 0:00,41514,41516.3,40882.7,41131.75
2/20/2023 0:00,41221.55,41292.6,40580.1,40701.7
2/21/2023 0:00,40784.9,40946.2,40508.25,40673.6
2/22/2023 0:00,40494.15,40529.25,39899,39995.9
2/23/2023 0:00,39983.7,40147.8,39600.25,40001.55
2/24/2023 0:00,40259.1,40348.1,39818.9,39909.4
2/27/2023 0:00,39820.4,40371.45,39745.4,40307.1
2/28/2023 0:00,40302.7,40391.45,40073,40269.05
3/1/2023 0:00,40473.85,40725.35,40341.95,40698.15
3/2/2023 0:00,40604.55,40773.25,40312.9,40389.8
3/3/2023 0:00,40671.4,41390.15,40605.35,41251.35
3/6/2023 0:00,41418.4,41671.2,41259.15,41350.4
3/8/2023 0:00,41178.35,41625.35,41100.35,41577.1
3/9/2023 0:00,41532.65,41659,41208.1,41256.75
3/10/2023 0:00,40805.25,40839,40341.7,40485.45
3/13/2023 0:00,40356.1,40690.05,39454.6,39564.7
3/14/2023 0:00,39522.4,39768.5,39132.6,39411.4
3/15/2023 0:00,39777.9,39914.1,38934.65,39051.5
3/16/2023 0:00,39061.7,39381.4,38613.15,39132.6
3/17/2023 0:00,39442.4,39705.15,38926.8,39598.1
3/20/2023 0:00,39512.1,39512.1,38941.9,39361.95
3/21/2023 0:00,39599.65,39970.9,39366.3,39894.7
3/22/2023 0:00,40036,40085.6,39837.8,39999.05
3/23/2023 0:00,39836.15,40201.6,39552.5,39616.9
3/24/2023 0:00,39555.25,39767.9,39294.9,39395.35
3/27/2023 0:00,39484.7,39695.2,39273.75,39431.3
3/28/2023 0:00,39545.05,39645.2,39326.1,39567.9
3/29/2023 0:00,39611.55,40055,39609.55,39910.15
3/31/2023 0:00,40231.25,40690.4,40180.2,40608.65
4/3/2023 0:00,40695.8,40857.6,40535.9,40813.05
4/5/2023 0:00,40972.3,41071.15,40802.65,40999.15
4/6/2023 0:00,40940.7,41274.7,40820.55,41041
4/10/2023 0:00,41116.15,41139.85,40727.25,40834.65
4/11/2023 0:00,41232,41403.25,40990.2,41366.5
4/12/2023 0:00,41426,41610.15,41332,41557.95
4/13/2023 0:00,41680.1,42196.2,41502.65,42132.55
4/17/2023 0:00,42603.55,42603.55,41799,42262.55
4/18/2023 0:00,42406.95,42500.7,42114.35,42265.2
4/19/2023 0:00,42280.1,42339.9,42022.15,42154
4/20/2023 0:00,42218.5,42378.15,42108.85,42269.5
4/21/2023 0:00,42252.55,42382.15,41962.35,42118
4/24/2023 0:00,42469.95,42714.15,42269.1,42635.75
4/25/2023 0:00,42731.6,42865.55,42601.5,42678.5
4/26/2023 0:00,42559.05,42875.6,42432.25,42829.9
4/27/2023 0:00,42753.9,43043.4,42736.6,43000.85
4/28/2023 0:00,43045.5,43302.05,42810.35,43233.9
5/2/2023 0:00,43395.05,43483.85,43269.4,43352.1
5/3/2023 0:00,43154.85,43354.95,43078.15,43312.7
5/4/2023 0:00,43236.1,43739.8,43213.95,43685.45
5/5/2023 0:00,43110.65,43588,42582.2,42661.2
5/8/2023 0:00,42796.85,43418.55,42780.3,43284
5/9/2023 0:00,43438.55,43533.25,43125.85,43198.15
5/10/2023 0:00,43275.25,43383.65,42822.15,43331.05
5/11/2023 0:00,43535.1,43774.25,43367.25,43475.3
5/12/2023 0:00,43447.15,43905.95,43347.75,43793.55
5/15/2023 0:00,43821.05,44151.7,43666.6,44072.1
5/16/2023 0:00,44144.15,44144.15,43815.7,43903.7
5/17/2023 0:00,43948.5,43992.75,43446.4,43698.7
5/18/2023 0:00,44006.9,44079.2,43673.7,43752.3
5/19/2023 0:00,43930,44020.9,43531.9,43969.4
5/22/2023 0:00,43935.3,44026.75,43684.9,43885.1
5/23/2023 0:00,43978.9,44095.25,43852.2,43954.45
5/24/2023 0:00,43751.95,44010.45,43639.8,43677.85
5/25/2023 0:00,43630.25,43719.85,43390.3,43681.4
5/26/2023 0:00,43765.35,44067.6,43588.8,44018
5/29/2023 0:00,44276.8,44483.35,44193.95,44311.9
5/30/2023 0:00,44277.35,44498.6,44207.5,44436.35
5/31/2023 0:00,44318,44339.05,43822.7,44128.15
6/1/2023 0:00,44172.05,44179.95,43706.15,43790.2
6/2/2023 0:00,43997.3,44088.9,43812.55,43937.85
6/5/2023 0:00,44103.25,44266.15,44074.2,44101.65
6/6/2023 0:00,44156.7,44236.2,44009.7,44164.55
6/7/2023 0:00,44318.7,44346.3,44143.5,44275.3
6/8/2023 0:00,44208.3,44459.25,43917.9,43995.25
6/9/2023 0:00,44045.75,44220.1,43932.6,43989
6/12/2023 0:00,44035.2,44124.95,43874.05,43944.2
6/13/2023 0:00,43889.7,44138.15,43889.7,44079.85
6/14/2023 0:00,44181.65,44212.35,43956.15,43988
6/15/2023 0:00,44054.35,44077.45,43397.5,43443.6
6/16/2023 0:00,43583.35,44083.25,43536.95,43938.15
6/19/2023 0:00,44015.3,44040.35,43501.4,43633.75
6/20/2023 0:00,43597.55,43823.95,43345.95,43766.5
6/21/2023 0:00,43894.4,43946.7,43698.95,43859.2
6/22/2023 0:00,43874.8,44042.15,43663.35,43724.85
6/23/2023 0:00,43641.6,43824.1,43519.55,43622.9
6/26/2023 0:00,43714.75,43773.1,43541.75,43641.05
6/27/2023 0:00,43804.55,44194.65,43693.15,44121.5
6/28/2023 0:00,44419.5,44508.4,44163.2,44327.8
6/30/2023 0:00,44666,44787.1,44447.2,44747.35
7/3/2023 0:00,44957.95,45353.2,44882.1,45158.1
7/4/2023 0:00,45310.55,45655.5,45000.25,45301.45
7/5/2023 0:00,45169.7,45418.9,45073.4,45151.8
7/6/2023 0:00,45060.55,45417.5,45042.6,45339.9
7/7/2023 0:00,45118.05,45227.25,44844.8,44925
7/10/2023 0:00,44958.65,45184.3,44721.9,44860.85
7/11/2023 0:00,44998,45139.55,44663.05,44745.05
7/12/2023 0:00,44872.6,44937.25,44562.4,44639.45
7/13/2023 0:00,45009.3,45085.15,44612.2,44665.05
7/14/2023 0:00,44860.65,44923.85,44547.8,44819.3
7/17/2023 0:00,44951.2,45556.45,44695.05,45449.75
7/18/2023 0:00,45754.8,45905.85,45281.3,45410.85
7/19/2023 0:00,45622.5,45707.4,45433,45669.3
7/20/2023 0:00,45689.05,46256.2,45640.95,46186.9
7/21/2023 0:00,46063.95,46369.5,45925.9,46075.2
7/24/2023 0:00,46131.9,46191.5,45858.75,45923.05
7/25/2023 0:00,46154.7,46156.1,45622.85,45845
7/26/2023 0:00,45935.15,46096.6,45804.7,46062.35
7/27/2023 0:00,46285.85,46310.1,45570.65,45679.3
7/28/2023 0:00,45560.9,45727.75,45238.8,45468.1
7/31/2023 0:00,45546.35,45694.9,45359.75,45651.1
8/1/2023 0:00,45740,45782.75,45471.05,45592.5
8/2/2023 0:00,45234.65,45404.9,44720.9,44995.7
8/3/2023 0:00,44862.85,45038.45,44279.4,44513.45
8/4/2023 0:00,44754.75,45118.05,44520.55,44879.5
8/7/2023 0:00,44993.7,45011.35,44773.85,44837.5
8/8/2023 0:00,44888.95,45096.85,44817.85,44964.45
8/9/2023 0:00,44973.45,44975,44533.75,44880.7
8/10/2023 0:00,44797.65,44980.35,44418.4,44541.8
8/11/2023 0:00,44568.15,44571.25,44120.9,44199.1
8/14/2023 0:00,44066.6,44212.75,43776.9,44090.95
8/16/2023 0:00,43726.25,44002.8,43600.35,43946.4
8/17/2023 0:00,43897.25,44071.85,43745.1,43891.35
8/18/2023 0:00,43724.75,43957.65,43672.45,43851.05
8/21/2023 0:00,43952.85,44113.8,43862,44002
8/22/2023 0:00,44125,44151.3,43938.7,43993.25
8/23/2023 0:00,44064.5,44521.65,43952.05,44479.05
8/24/2023 0:00,44704.2,44949.9,44433.75,44496.2
8/25/2023 0:00,44276.2,44359.1,43983.75,44231.45
8/28/2023 0:00,44253.65,44610.4,44201.45,44494.65
8/29/2023 0:00,44655.75,44673,44429.8,44495.25
8/30/2023 0:00,44706.55,44779.65,44149.8,44232.6
8/31/2023 0:00,44265.85,44399.65,43895.05,43989.15
9/1/2023 0:00,43996.1,44568.55,43830.75,44436.1
9/4/2023 0:00,44647.65,44656.05,44310.95,44578.3
9/5/2023 0:00,44625.05,44668.7,44401.7,44532.15
9/6/2023 0:00,44494.65,44577,44207.25,44409.1
9/7/2023 0:00,44418.05,44915.55,44341.2,44878.35
9/8/2023 0:00,44953.65,45383.35,44812.15,45156.4
9/11/2023 0:00,45340.8,45636.2,45231.3,45570.7
9/12/2023 0:00,45893.8,45893.8,45322.55,45511.35
9/13/2023 0:00,45449.35,45990.5,45299.4,45909.45
9/14/2023 0:00,46013.3,46153.9,45801.5,46000.85
9/15/2023 0:00,46122.15,46310.4,46028.75,46231.5
9/18/2023 0:00,46100.95,46252.95,45906.9,45979.85
9/20/2023 0:00,45493.7,45745.15,45276.4,45384.6
9/21/2023 0:00,45179.6,45276.8,44592.45,44623.85
9/22/2023 0:00,44707.35,44996.75,44548.9,44612.05
9/25/2023 0:00,44615,44936.55,44400.9,44766.1
9/26/2023 0:00,44722.5,44773.8,44532.45,44624.2
9/27/2023 0:00,44465.9,44668,44182.5,44588.3
9/28/2023 0:00,44700.35,44756.8,44248.2,44300.95
9/29/2023 0:00,44445.35,44755.05,44344.9,44584.55
10/3/2023 0:00,44561.5,44566.3,44243.1,44399.05
10/4/2023 0:00,44108.15,44161.35,43857.5,43964.05
10/5/2023 0:00,44181.35,44391.85,44108.3,44213.35
10/6/2023 0:00,44395.4,44500.7,44242.95,44360.6
10/9/2023 0:00,44057.8,44113.2,43796.75,43886.5
10/10/2023 0:00,44027.55,44487.25,44004.55,44360.15
10/11/2023 0:00,44554.9,44710.55,44411.4,44516.9
10/12/2023 0:00,44571.55,44693.05,44530.05,44599.2
10/13/2023 0:00,44322.05,44563.05,44203.7,44287.95
10/16/2023 0:00,44204.75,44356.95,44044.4,44225.9
10/17/2023 0:00,44589.8,44589.85,44336.95,44409.5
10/18/2023 0:00,44404.2,44412.5,43861.45,43888.7
10/19/2023 0:00,43616.75,44058.8,43558.1,43754.5
10/20/2023 0:00,43584.25,43877.5,43567.45,43723.05
10/23/2023 0:00,43822.7,43831.3,43029.45,43151.2
10/25/2023 0:00,43308.3,43397.45,42758.4,42832
10/26/2023 0:00,42708.4,42716.2,42105.4,42280.15
10/27/2023 0:00,42555.6,42840.15,42482.75,42782
10/30/2023 0:00,42721.4,43112.5,42390.5,43039.15
10/31/2023 0:00,43356.85,43356.85,42797.15,42845.95
11/1/2023 0:00,42694.25,42815.15,42589.65,42700.95
11/2/2023 0:00,43018.7,43271.5,42796.45,43017.2
11/3/2023 0:00,43318.3,43416.1,43221,43318.25
11/6/2023 0:00,43627.75,43648.7,43415.2,43619.4
11/7/2023 0:00,43598.85,43799.35,43283.85,43737.9
11/8/2023 0:00,43791.8,43797.55,43547.75,43658.65
11/9/2023 0:00,43626.1,43876.75,43542.65,43683.6
11/10/2023 0:00,43543.25,43908.7,43504.95,43820.1
11/12/2023 0:00,44054.5,44056,43916.6,43996.65
11/13/2023 0:00,43915.1,43970.75,43681.4,43891.25
11/15/2023 0:00,44398.45,44408.55,44164.55,44201.7
11/16/2023 0:00,44251.7,44420.95,44064.15,44161.55
11/17/2023 0:00,43656.25,43872.85,43513.85,43583.95
11/20/2023 0:00,43591.5,43724,43450.05,43584.95
11/21/2023 0:00,43790.95,43790.95,43586.45,43689.15
11/22/2023 0:00,43663.6,43692.5,43230.95,43449.6
11/23/2023 0:00,43452.75,43649.65,43451.35,43577.5
11/24/2023 0:00,43607.35,43806.5,43566.15,43769.1
11/28/2023 0:00,43851.55,43960.3,43739.8,43880.95
11/29/2023 0:00,44081.75,44630.35,44003.45,44566.45
11/30/2023 0:00,44711.2,44764.8,44254.6,44481.75
12/1/2023 0:00,44580.15,44951.1,44531.75,44814.2
12/4/2023 0:00,45671.5,46484.45,45484.2,46431.4
12/5/2023 0:00,46895.9,47230.55,46653.65,47012.25
12/6/2023 0:00,47256.75,47259.85,46750.2,46834.55
12/7/2023 0:00,46735.4,46927.7,46507.15,46841.4
12/8/2023 0:00,46797.2,47303.65,46793.9,47262
12/11/2023 0:00,47233.3,47588,47186.6,47314.25
12/12/2023 0:00,47421.7,47454,47004.05,47097.55
12/13/2023 0:00,47190.75,47201.95,46886.9,47092.25
12/14/2023 0:00,47567.65,47943.6,47510.85,47732.3
12/15/2023 0:00,47939.9,48219.95,47632.85,48143.55
12/18/2023 0:00,48068.5,48076.6,47806.7,47867.7
12/19/2023 0:00,47940.4,48017,47646.05,47870.9
12/20/2023 0:00,48085.35,48166.15,47202.65,47445.3
12/21/2023 0:00,47172.45,47932.4,46919.7,47840.15
12/22/2023 0:00,47837.75,48071.4,47415.85,47491.85
12/26/2023 0:00,47576.4,47838.45,47411.65,47724.85
12/27/2023 0:00,47818.5,48347.65,47806.7,48282.2
12/28/2023 0:00,48479.05,48636.45,48343.15,48508.55
12/29/2023 0:00,48374.85,48477.7,48091.85,48292.25
1/1/2024 0:00,48203.45,48450,48044.15,48234.3
1/2/2024 0:00,48194.8,48223.55,47689.8,47761.65
1/3/2024 0:00,47796.3,47798.75,47481.35,47704.95
1/4/2024 0:00,47805.4,48281.2,47738.15,48195.85
1/5/2024 0:00,48245.55,48381.95,47822.85,48159
1/8/2024 0:00,48096.65,48154.5,47387.35,47450.25
1/9/2024 0:00,47705.4,47939.3,47156.05,47242.65
1/10/2024 0:00,47073.85,47423.45,47010.8,47360.85
1/11/2024 0:00,47538.6,47662.1,47237,47438.35
1/12/2024 0:00,47572.7,47873.7,47408.5,47709.8
1/15/2024 0:00,47891.05,48248.05,47825.4,48158.3
1/16/2024 0:00,48109.95,48305.4,48002.85,48125.1
1/17/2024 0:00,46573.95,47212.75,45979.6,46064.45
1/18/2024 0:00,45492.75,46184.05,45430.7,45713.55
1/19/2024 0:00,46103.5,46249.85,45558.05,45701.15
1/20/2024 0:00,45989.25,46183.7,45640.9,46058.2
1/23/2024 0:00,46495.45,46580.3,44886.1,45015.05
1/24/2024 0:00,44489.4,45485.5,44489.4,45082.4
1/25/2024 0:00,45057.95,45139.05,44429,44866.15
1/29/2024 0:00,45171.5,45660.35,45110.9,45442.35
1/30/2024 0:00,45481.5,45678.7,45206.05,45367.75
1/31/2024 0:00,45295.65,46179.75,45071.2,45996.8
2/1/2024 0:00,46164.9,46306.9,45668.35,46188.65
2/2/2024 0:00,46568.2,46892.35,45901.25,45970.95
2/5/2024 0:00,45962.25,46048.6,45615.1,45825.55
2/6/2024 0:00,45891.2,45932.15,45527,45690.8
2/7/2024 0:00,45944.6,46062.85,45620.5,45818.5
2/8/2024 0:00,45973.85,46181.2,44893.75,45012
2/9/2024 0:00,44986.75,45718.15,44859.15,45634.55
2/12/2024 0:00,45664.3,45748.5,44633.85,44882.25
2/13/2024 0:00,45056.8,45750.4,44819.55,45502.4
2/14/2024 0:00,45014.65,46170.45,44860.75,45908.3
2/15/2024 0:00,46027.1,46297.7,45590.2,46218.9
2/16/2024 0:00,46454.3,46693.4,46264.4,46384.85
2/19/2024 0:00,46554.9,46717.4,46317.7,46535.5
2/20/2024 0:00,46444.9,47136.75,46367.8,47094.2
2/21/2024 0:00,47363.4,47363.4,46886.95,47019.7
2/22/2024 0:00,46934.55,47024.05,46426.85,46919.8
2/23/2024 0:00,47060.7,47245.35,46723.15,46811.75
2/26/2024 0:00,46615.85,46893.15,46513.55,46576.5
2/27/2024 0:00,46480.2,46722.25,46324.9,46588.05
2/28/2024 0:00,46640.9,46754.55,45852.55,45963.15
2/29/2024 0:00,45881.45,46329.65,45661.75,46120.9
3/1/2024 0:00,46218,47342.25,46218,47286.9
3/2/2024 0:00,47377.45,47433.85,47237,47297.5
3/4/2024 0:00,47318.5,47529.6,47191.65,47456.1
3/5/2024 0:00,47265.7,47737.85,47196.75,47581
3/6/2024 0:00,47451.65,48161.25,47442.25,47965.4
3/7/2024 0:00,48035.8,48071.7,47747.2,47835.8
3/11/2024 0:00,47792.2,47853.8,47230.65,47327.85
3/12/2024 0:00,47351.35,47812.75,46884.45,47282.4
3/13/2024 0:00,47341.15,47468.7,46842.15,46981.3
3/14/2024 0:00,46825.75,47231.5,46565.55,46789.95
3/15/2024 0:00,46572.1,46802.55,46310.5,46594.1
3/18/2024 0:00,46458.75,46739.25,46022.15,46575.9
3/19/2024 0:00,46421.9,46602.35,46258.75,46384.8
3/20/2024 0:00,46392.9,46655.55,45828.8,46310.9
3/21/2024 0:00,46674.85,46990.25,46570.15,46684.9
3/22/2024 0:00,46634.9,46974.15,46566.8,46863.75
3/26/2024 0:00,46552.95,46788.35,46529.05,46600.2
3/27/2024 0:00,46643.45,46956.1,46643.45,46785.95
3/28/2024 0:00,46827.85,47440.45,46827.85,47124.6
4/1/2024 0:00,47391.05,47646.8,47373.1,47578.25
4/2/2024 0:00,47490.75,47707.35,47408.55,47545.45
4/3/2024 0:00,47350.25,47676.95,47279.8,47624.25
4/4/2024 0:00,48086.2,48254.65,47712.7,48060.8
4/5/2024 0:00,48104.65,48557.4,47894.5,48493.05
4/8/2024 0:00,48586.75,48716.95,48424.65,48581.7
4/9/2024 0:00,48810.8,48960.75,48568.25,48730.55
4/10/2024 0:00,48879.55,49057.4,48669.25,48986.6
4/12/2024 0:00,48671.2,48882.65,48477.55,48564.55
4/15/2024 0:00,48057.5,48255.5,47725.8,47773.25
4/16/2024 0:00,47436.7,47609,47316.55,47484.8
4/18/2024 0:00,47592.7,47829.75,46982.15,47069.45
4/19/2024 0:00,46744.95,47668.7,46579.05,47574.15
4/22/2024 0:00,48145.7,48146.3,47628.45,47924.9
4/23/2024 0:00,48299.6,48302.7,47899.3,47970.45
4/24/2024 0:00,48120.9,48246.2,48028.7,48189
4/25/2024 0:00,47772.65,48625.45,47737.2,48494.95
4/26/2024 0:00,48660,48679.65,48088.25,48201.05
4/29/2024 0:00,48359.9,49473.6,48342.7,49424.05
4/30/2024 0:00,49477.1,49974.75,49249.9,49396.75
5/2/2024 0:00,49262,49529.35,49123.6,49231.05
5/3/2024 0:00,49375.05,49607.75,48659.7,48923.55
5/6/2024 0:00,49174.55,49252.65,48784,48895.3
5/7/2024 0:00,48965.05,49023.5,48213.75,48285.35
5/8/2024 0:00,48124.2,48223.05,47851.15,48021.1
5/9/2024 0:00,47976.35,48258.65,47440.65,47487.9
5/10/2024 0:00,47555.5,47868.7,47313.35,47421.1
5/13/2024 0:00,47389.8,47841.6,46983.25,47754.1
5/14/2024 0:00,47748.85,47937.25,47607.85,47859.45
5/15/2024 0:00,47923.1,47957.2,47534.5,47687.45
5/16/2024 0:00,47945.85,48052.9,47340.35,47977.05
5/17/2024 0:00,47842.95,48188.65,47758.8,48115.65
5/18/2024 0:00,48197.3,48222.35,48108.15,48199.5
5/21/2024 0:00,47927.1,48259.75,47927.1,48048.2
5/22/2024 0:00,48113.9,48114.05,47435.25,47781.95
5/23/2024 0:00,47899.35,48829.7,47873.15,48768.6
5/24/2024 0:00,48668,49052.95,48644.8,48971.65
5/27/2024 0:00,49105.9,49688.85,49051.25,49281.8
5/28/2024 0:00,49390.9,49511.15,49043.65,49142.15
5/29/2024 0:00,48786.7,49022.6,48401.55,48501.35
5/30/2024 0:00,48313.6,49044.6,48313.6,48682.35
5/31/2024 0:00,48895.15,49122.55,48569.05,48983.95
6/3/2024 0:00,50889.85,51133.2,50092.65,50979.95
6/4/2024 0:00,50667.05,50667.05,46077.85,46928.6
6/5/2024 0:00,47486.6,49362.9,46446.8,49054.6
6/6/2024 0:00,49426.4,49672.75,48906.75,49291.9
6/7/2024 0:00,49316.95,49943.2,49080.45,49803.2
6/10/2024 0:00,49808.15,50252.95,49622.75,49780.9
6/11/2024 0:00,49751.2,49970.3,49530.45,49705.75
6/12/2024 0:00,49857.45,50233.4,49697.35,49895.1
6/13/2024 0:00,50179,50186.45,49799.65,49846.7
6/14/2024 0:00,49993.95,50102.6,49693.35,50002
6/18/2024 0:00,50194.35,50562.15,49900.2,50440.9
6/19/2024 0:00,50607.9,51957,50441.75,51398.05
6/20/2024 0:00,51712.9,51842.2,51281.5,51783.25
6/21/2024 0:00,51927.3,51934.35,51224.95,51661.45
6/24/2024 0:00,51280.25,51783.95,51138.9,51703.95
6/25/2024 0:00,51759.45,52746.5,51747.65,52606
6/26/2024 0:00,52653.2,52988.3,52373.7,52870.5
6/27/2024 0:00,52980.3,53180.75,52639,52811.3
6/28/2024 0:00,52874.95,53030.3,52242.3,52342.25
7/1/2024 0:00,52351.15,52656.15,52166.05,52574.75
7/2/2024 0:00,52793.75,52828.45,51996.65,52168.1
7/3/2024 0:00,52872.3,53256.7,52482.65,53089.25
7/4/2024 0:00,53357.7,53357.7,52815.9,53103.7
7/5/2024 0:00,52560.1,52817.85,52290.05,52660.35
7/8/2024 0:00,52533.1,52710.8,52246.7,52425.8
7/9/2024 0:00,52390.5,52626.6,52292.95,52568.8
7/10/2024 0:00,52528.8,52528.8,52075.4,52189.3
7/11/2024 0:00,52316.9,52400.3,51749.45,52270.65
7/12/2024 0:00,52272.65,52794.55,52171.15,52278.9
7/15/2024 0:00,52330.05,52662.25,52154,52455.9
7/16/2024 0:00,52466.7,52619.05,52331.6,52396.8
7/18/2024 0:00,52215.05,52782.75,52168.65,52620.7
7/19/2024 0:00,52531.55,52586.75,52146.3,52265.6
7/22/2024 0:00,52145.6,52427,51874.55,52280.4
7/23/2024 0:00,52511,52547.55,51342.65,51778.3
7/24/2024 0:00,51657.65,51944.65,50784.25,51317
7/25/2024 0:00,50762.3,51006.1,50559.9,50888.75
7/26/2024 0:00,50456.1,51398.6,50438.3,51295.95
7/29/2024 0:00,51546.65,52340.25,51186.95,51406.25
7/30/2024 0:00,51383.9,51957.75,51260.05,51499.3
7/31/2024 0:00,51583.45,51663.1,51335.7,51553.4
8/1/2024 0:00,51672.6,51877.15,51456.2,51564
8/2/2024 0:00,51172.25,51608.7,51087.85,51350.15
8/5/2024 0:00,50586.25,50747.55,49719.1,50092.1
8/6/2024 0:00,50436.9,50688.8,49659.05,49748.3
8/7/2024 0:00,50286.2,50292.45,49782.2,50119
8/8/2024 0:00,50051.9,50440.75,49829.6,50156.7
8/9/2024 0:00,50612.1,50707.75,50386.45,50484.5
8/12/2024 0:00,50412.6,50830.7,50149.25,50577.95
8/13/2024 0:00,50395.35,50559.25,49785.1,49831.85
8/14/2024 0:00,49887.15,49959.25,49654.65,49727.3
8/16/2024 0:00,50133,50603.4,49806.05,50516.9
8/19/2024 0:00,50683.55,50728.25,50283.55,50368.35
8/20/2024 0:00,50417.25,51025.6,50398.6,50803.15
8/21/2024 0:00,50666.65,50772.45,50333.35,50685.55
8/22/2024 0:00,50894.8,51080,50794.45,50985.7
8/23/2024 0:00,51040.05,51117.85,50856.7,50933.45
8/26/2024 0:00,51100.65,51317.85,51061.55,51148.1
8/27/2024 0:00,51214.05,51404.7,50938.1,51278.75
8/28/2024 0:00,51208.95,51260.75,51033.7,51143.85
8/29/2024 0:00,51103.75,51368.95,50984.4,51152.75
8/30/2024 0:00,51437.45,51466.55,51256,51351
9/2/2024 0:00,51579.5,51579.5,51295.8,51439.55
9/3/2024 0:00,51479.75,51750.1,51240.05,51689.1
9/4/2024 0:00,51364.65,51503.55,51259.9,51400.25
9/5/2024 0:00,51544.25,51636.75,51389.15,51473.05
9/6/2024 0:00,51200.4,51380.05,50447.3,50576.85
9/9/2024 0:00,50549.25,51192.75,50369.4,51117.8
9/10/2024 0:00,51328.3,51366,50958.25,51272.3
9/11/2024 0:00,51218.55,51420.15,50947.7,51010
9/12/2024 0:00,51271,51878.1,51025,51772.4
9/13/2024 0:00,51952.55,51994.1,51643.95,51938.05
9/16/2024 0:00,52038.7,52208.7,51921.45,52153.15
9/17/2024 0:00,52249.05,52284.6,52085.5,52188.65
9/18/2024 0:00,52177.1,52954.2,52154.55,52750.4
9/19/2024 0:00,52929.25,53353.3,52847.9,53037.6
9/20/2024 0:00,53235.8,54066.1,53037.6,53793.2
9/23/2024 0:00,53917.9,54197.95,53741.4,54105.8
9/24/2024 0:00,54110.65,54247.7,53904.65,53968.6
9/25/2024 0:00,53794,54141.3,53792.85,54101.65
9/26/2024 0:00,54045.85,54467.35,54010.9,54375.35
9/27/2024 0:00,54338.7,54338.7,53763.2,53834.3
9/30/2024 0:00,53556.95,53726.4,52926.55,52978.1
10/1/2024 0:00,52844,53235.25,52817.8,52922.6
10/3/2024 0:00,52314.45,52582.95,51683.4,51845.2
10/4/2024 0:00,51643.75,52358.35,51347.25,51462.05
10/7/2024 0:00,51543.2,51784.8,50194.3,50478.9
10/8/2024 0:00,50736.1,51176.05,50466,51021
10/9/2024 0:00,51161.75,51707.15,50903.75,51007
10/10/2024 0:00,51195.7,51659.45,51047,51530.9
10/11/2024 0:00,51491.9,51560,51005.85,51172.3
10/14/2024 0:00,51263.25,51893,51220.85,51816.9
10/15/2024 0:00,51975.95,52022.05,51698.75,51906
10/16/2024 0:00,51711.2,52031.6,51711.2,51801.05
10/17/2024 0:00,51849.3,51930.2,51150.25,51288.8
10/18/2024 0:00,51261,52199.45,51000.9,52094.2
10/21/2024 0:00,52361.1,52577.5,51855.15,51962.7
10/22/2024 0:00,52071.35,52257.3,51179.6,51257.15
10/23/2024 0:00,51117.8,51551.55,51107.9,51239
10/24/2024 0:00,51272.3,51781.55,51201.85,51531.15
10/25/2024 0:00,51369.75,51501.05,50382.1,50787.45
10/28/2024 0:00,51061.35,51589.15,51012.55,51259.3
10/29/2024 0:00,51404.1,52354.85,51278.9,52320.7
10/30/2024 0:00,51988.7,52220,51733,51807.5
10/31/2024 0:00,51649.45,52005.6,51318.1,51475.35
11/1/2024 0:00,51550.15,51825.5,51459.4,51673.9
11/4/2024 0:00,51764.5,51764.5,51066.8,51215.25
11/5/2024 0:00,51052.6,52289.55,50865.45,52207.25
11/6/2024 0:00,52440.4,52493.95,52185.4,52317.4
11/7/2024 0:00,52258.95,52377.25,51752.25,51916.5
11/8/2024 0:00,51869.15,52007.15,51494,51561.2
11/11/2024 0:00,51562.7,52177.7,51294.2,51876.75
11/12/2024 0:00,52053.75,52169.05,51006.85,51157.8
11/13/2024 0:00,51030.95,51353.5,49904.4,50088.35
11/14/2024 0:00,50053.45,50561.8,49939.35,50179.55
11/18/2024 0:00,50312.45,50445.8,50074,50363.8
11/19/2024 0:00,50580.55,50983.5,50440.85,50626.5
11/21/2024 0:00,50625,50652.15,49787.1,50372.9
11/22/2024 0:00,50512.8,51271.5,50508.25,51135.4
11/25/2024 0:00,52046.35,52331.1,51774.05,52207.5
11/26/2024 0:00,52554.9,52555.5,51999.75,52191.5
11/27/2024 0:00,52154.3,52444.35,52019.65,52301.8
11/28/2024 0:00,52389.95,52760.2,51782.9,51906.85
11/29/2024 0:00,51984.15,52170.9,51759.45,52055.6
12/2/2024 0:00,52087.65,52197.25,51693.95,52109
12/3/2024 0:00,52357.95,52780.9,52216.85,52695.75
12/4/2024 0:00,52775,53387.1,52685.15,53266.9
12/5/2024 0:00,53354.45,53888.3,52850.35,53603.55
12/6/2024 0:00,53634.2,53868.5,53160.65,53509.5
12/9/2024 0:00,53380.75,53775.1,53326.4,53407.75
12/10/2024 0:00,53450.05,53624.05,53302.65,53577.7
12/11/2024 0:00,53459.3,53648.05,53302.15,53391.35
12/12/2024 0:00,53201,53537.45,53174.4,53216.45
12/13/2024 0:00,53109.8,53654,52264.55,53583.8
12/16/2024 0:00,53502.5,53738.9,53335,53581.35
12/17/2024 0:00,53394.1,53515.7,52709.4,52834.8
12/18/2024 0:00,52696.95,52827.6,52010.65,52139.55
12/19/2024 0:00,51428.45,51789.85,51263.75,51575.7
12/20/2024 0:00,51401.35,51629,50609.35,50759.2
12/23/2024 0:00,51044.4,51417.35,51030.4,51317.6
12/24/2024 0:00,51314.95,51382.1,51137.5,51233
12/26/2024 0:00,51395.8,51740,50951.8,51170.7
12/27/2024 0:00,51268.2,51628.45,51240.1,51311.3
12/30/2024 0:00,51255.35,51979.75,50718.35,50952.75
12/31/2024 0:00,50648.2,50945.55,50599.8,50860.2
1/1/2025 0:00,50841.9,51321.95,50485.05,51060.6
1/2/2025 0:00,51084.95,51672.75,50992.8,51605.55
1/3/2025 0:00,51567.15,51671.6,50904.35,50988.8
1/6/2025 0:00,50990.65,51026.1,49751,49922
1/7/2025 0:00,50061.2,50447.6,49969.3,50202.15
1/8/2025 0:00,50201.75,50246.9,49389.75,49835.05
1/9/2025 0:00,49712.55,49798.1,49230.15,49503.5
1/10/2025 0:00,49426.5,49483.15,48631.2,48734.15
1/13/2025 0:00,48264.25,48606.35,47898.35,48041.25
1/14/2025 0:00,48266.9,49007.35,48235.2,48729.15
1/15/2025 0:00,48832.75,49083.65,48522.4,48751.7
1/16/2025 0:00,49082.9,49459,49038.45,49278.7
1/17/2025 0:00,48959.5,49047.2,48309.5,48540.6
1/20/2025 0:00,48834.15,49650.6,48683.6,49350.8
1/21/2025 0:00,49532,49543.15,48430.95,48570.9
1/22/2025 0:00,48689.55,48781.75,48074.05,48724.4
1/23/2025 0:00,48770.15,48892.7,48493,48589
1/24/2025 0:00,48546.05,48858.65,48203,48367.8
1/27/2025 0:00,47881.65,48319.2,47844.15,48064.65
1/28/2025 0:00,48642.5,49247.15,48449.05,48866.85
1/29/2025 0:00,48997.2,49199.65,48849.8,49165.95
1/30/2025 0:00,49206.2,49426.2,49031.8,49311.95
1/31/2025 0:00,49259.65,49674.8,49031.8,49587.2
2/1/2025 0:00,49592.55,50009.5,48925.45,49506.95
2/3/2025 0:00,49074.8,49373.45,48906.05,49210.55
2/4/2025 0:00,49538.8,50206.6,49482.5,50157.95
2/5/2025 0:00,50402.3,50522.15,50215.45,50343.05
2/6/2025 0:00,50468.35,50553.35,50149.8,50382.1
2/7/2025 0:00,50484.45,50641.75,49871.15,50158.85
2/10/2025 0:00,50052.5,50155.65,49703.1,49981
2/11/2025 0:00,49812.15,49906.75,49177.4,49403.4
2/12/2025 0:00,49402.25,49702.35,48734.35,49479.45
2/13/2025 0:00,49469.35,49836.1,49276.1,49359.85
2/14/2025 0:00,49485.65,49592.95,48719.75,49099.45
2/17/2025 0:00,48880.4,49319,48525.6,49258.9
2/18/2025 0:00,49211.85,49328.55,48814.95,49087.3
2/19/2025 0:00,48895.35,49628.25,48804,49570.1
2/20/2025 0:00,49314.1,49455.8,49150.95,49334.55
2/21/2025 0:00,49127.95,49306.55,48764,48981.2
2/24/2025 0:00,48619.8,48748.4,48281.9,48651.95
2/25/2025 0:00,48691.2,48862.15,48534.15,48608.35
2/27/2025 0:00,48732.2,48972.55,48627.1,48743.8
2/28/2025 0:00,48437.55,48574.5,48078.7,48344.7
3/3/2025 0:00,48478.6,48574.7,47841.3,48114.3
3/4/2025 0:00,47942.5,48374.9,47924.75,48245.2
3/5/2025 0:00,48241.3,48657.65,48190.25,48489.95
3/6/2025 0:00,48760,48839.1,48299.4,48627.7
3/7/2025 0:00,48463.8,48709.05,48359.35,48497.5
3/10/2025 0:00,48312,48599.15,48124.65,48216.8
3/11/2025 0:00,47874.8,48029.05,47702.9,47853.95
3/12/2025 0:00,47894.4,48222.15,47844.95,48056.65
3/13/2025 0:00,48219.15,48352.45,48006.1,48060.4
3/17/2025 0:00,48219.55,48481.35,48196.1,48354.15
3/18/2025 0:00,48792.9,49400.3,48629.45,49314.5
3/19/2025 0:00,49375.4,49807.55,49324.8,49702.6
3/20/2025 0:00,49947.6,50155.3,49771.65,50062.85
3/21/2025 0:00,49927.1,50672.15,49891.95,50593.55
3/24/2025 0:00,50982.7,51801.15,50795.9,51704.95
3/25/2025 0:00,51874.2,52063.95,51429.6,51607.95
3/26/2025 0:00,51640.05,51875.8,51069.15,51209
3/27/2025 0:00,51084.7,51714.35,51050.85,51575.85
3/28/2025 0:00,51608.4,51839.1,51335.35,51564.85
4/1/2025 0:00,51178.15,51683.85,50742,50827.5
4/2/2025 0:00,50966.9,51404.2,50908.35,51348.05
4/3/2025 0:00,50910,51661.6,50906.65,51597.35
4/4/2025 0:00,51711.6,51893.6,51360.4,51502.7
4/7/2025 0:00,49336.1,50426.25,49156.95,49860.1
4/8/2025 0:00,50388.55,50793.7,50030.8,50511
4/9/2025 0:00,50487.1,50496.9,49910.85,50240.15
4/11/2025 0:00,50634.1,51244.7,50634.1,51002.35
4/15/2025 0:00,52299,52486.35,51863.3,52379.5
4/16/2025 0:00,52690.9,53164.45,52471.35,53117.75
4/17/2025 0:00,53153.75,54407.2,53084.9,54290.2
4/21/2025 0:00,54891.25,55461.65,54674.95,55304.5
4/22/2025 0:00,55414.3,55961.2,55243.55,55647.2
4/23/2025 0:00,56097.1,56098.7,55162.5,55370.05
4/24/2025 0:00,55103.9,55550.45,55088.4,55201.4
4/25/2025 0:00,55233.55,55350.55,54176.45,54664.05
4/28/2025 0:00,54610.3,55577.4,54582.35,55432.8
4/29/2025 0:00,55524.35,55957.75,55262.4,55391.25
4/30/2025 0:00,55382.4,55478.25,54723.7,55087.15
5/2/2025 0:00,55100.95,55691.95,54994.4,55115.35
5/5/2025 0:00,55065.8,55345.5,54786.5,54919.5
5/6/2025 0:00,54918.25,55036.95,54172.95,54271.4
5/7/2025 0:00,54013.4,54684.3,53919.9,54610.9
5/8/2025 0:00,54801.75,54937.25,54108,54365.65
5/9/2025 0:00,53595.95,54054.8,53483.05,53595.25
5/12/2025 0:00,54658.75,55466.3,54558.05,55382.85
5/13/2025 0:00,55233.5,55499.65,54888.5,54940.85
5/14/2025 0:00,55008.55,55208.6,54491,54801.3
5/15/2025 0:00,54853.7,55490.55,54442.3,55355.6
5/16/2025 0:00,55276,55418.9,55170.25,55354.9
5/19/2025 0:00,55326.05,55695.55,55296.55,55420.7
5/20/2025 0:00,55445.3,55568.35,54829.45,54877.35
5/21/2025 0:00,55060.2,55336.85,54690.8,55075.1
5/22/2025 0:00,54875.9,54996.1,54576.6,54941.3
5/23/2025 0:00,54959.3,55441.3,54854.5,55398.25
5/26/2025 0:00,55534.9,55875.75,55307.5,55572
5/27/2025 0:00,55458.95,55831.35,55037.85,55352.8
5/28/2025 0:00,55328.6,55521.8,55235.55,55417
5/29/2025 0:00,55571.4,55782.75,55096.45,55546.05
5/30/2025 0:00,55615.55,55813.3,55356.6,55749.7
6/2/2025 0:00,55598.25,55966.3,55400.55,55903.4
6/3/2025 0:00,56104.8,56161.4,55455.8,55599.95
6/4/2025 0:00,55650.35,55791,55408.35,55676.85
6/5/2025 0:00,55806.75,56010.15,55580.45,55760.85
6/6/2025 0:00,55699.45,56695,55534.75,56578.4
6/9/2025 0:00,57049.5,57049.5,56792.7,56839.6
6/10/2025 0:00,56993.9,57015.4,56564.15,56629.1
6/11/2025 0:00,56639.85,56782.5,56399.4,56459.75
6/12/2025 0:00,56480.9,56611.05,55968.5,56082.55
6/13/2025 0:00,55149.3,55688,55149.3,55527.35
6/16/2025 0:00,55554.1,55999.85,55381.45,55944.9
6/17/2025 0:00,55975,56067.3,55643.95,55714.15
6/18/2025 0:00,55544.95,55933.6,55511.8,55828.75
6/19/2025 0:00,55784.85,55942.45,55475.45,55577.45
6/20/2025 0:00,55566.7,56328.2,55566.4,56252.85
6/23/2025 0:00,55832.35,56233.55,55779.25,56059.35
6/24/2025 0:00,56529.45,56862,56276.15,56461.9
6/25/2025 0:00,56564.5,56681.4,56420.65,56621.15
6/26/2025 0:00,56693.55,57263.45,56558.35,57206.7
6/27/2025 0:00,57234.7,57475.4,56993.85,57443.9
6/30/2025 0:00,57529.95,57614.5,57193.8,57312.75
7/1/2025 0:00,57375.8,57533.85,57150.35,57459.45
7/2/2025 0:00,57558.2,57628.4,56833.8,56999.2
7/3/2025 0:00,57050.4,57193.25,56764.1,56791.95
7/4/2025 0:00,56825.25,57075.1,56623.6,57031.9
7/7/2025 0:00,56938.7,57152.2,56838.55,56949.2
7/8/2025 0:00,56942.55,57303.3,56923.05,57256.3
7/9/2025 0:00,57199.75,57290.65,57037.9,57213.55
7/10/2025 0:00,57339.75,57363.7,56886.6,56956
7/11/2025 0:00,56843.45,57091.05,56607.75,56754.7
7/14/2025 0:00,56780.75,56896.3,56594.25,56765.35
7/15/2025 0:00,56709.2,57134.95,56707.8,57006.65
7/16/2025 0:00,57111.25,57276.55,56937.6,57168.95
7/17/2025 0:00,57231.95,57262.85,56780.15,56828.8
7/18/2025 0:00,56524.25,56705.15,56204.85,56283
7/21/2025 0:00,56558.9,56983.45,56255.7,56952.75
7/22/2025 0:00,57253.35,57286.15,56692,56756
7/23/2025 0:00,56918.15,57249,56715.8,57210.45
7/24/2025 0:00,57316.6,57316.6,56850.9,57066.05
7/25/2025 0:00,57170.7,57170.7,56439.4,56528.9
7/28/2025 0:00,56215.1,56578.4,55997.45,56084.9
7/29/2025 0:00,55881.8,56296.4,55843.25,56222
7/30/2025 0:00,56310.1,56321.15,56064.55,56150.7
7/31/2025 0:00,55728.15,56406.2,55547.35,55961.95
8/1/2025 0:00,55897.15,56097.6,55562.1,55617.6
8/4/2025 0:00,55557.5,55752.45,55437.3,55619.35
8/5/2025 0:00,55545.05,55648.15,55202.85,55360.25
8/6/2025 0:00,55329.8,55559.4,55227.7,55411.15
8/7/2025 0:00,55215.65,55614.8,54973.55,55521.15
8/8/2025 0:00,55609.35,55652.6,54905.6,55004.9
8/11/2025 0:00,54999.35,55582.15,54927.55,55510.75
8/12/2025 0:00,55441.1,55566.7,55001.5,55043.7
8/13/2025 0:00,55340.05,55340.05,55026.95,55181.45
8/14/2025 0:00,55102.55,55472.8,55074.3,55341.85
8/18/2025 0:00,55940.6,56156.3,55647.65,55734.9
8/19/2025 0:00,55622.3,55965.55,55608.15,55865.15
8/20/2025 0:00,55751.5,55812.6,55577.35,55698.5
8/21/2025 0:00,55972.05,55993.65,55708.2,55755.45
8/22/2025 0:00,55669.25,55745,55102.6,55149.4
8/25/2025 0:00,55147.75,55306,55048.4,55139.3
8/26/2025 0:00,54999.05,55068.9,54396.1,54450.45
8/28/2025 0:00,54256,54382.25,53768.45,53820.35
8/29/2025 0:00,53660.35,54086,53606.45,53655.65
9/1/2025 0:00,53658.15,54035.85,53658.15,54002.45
9/2/2025 0:00,54038.25,54160.95,53578,53661
9/3/2025 0:00,53630.75,54136.15,53561.75,54067.55
9/4/2025 0:00,54379.6,54450.55,53971.85,54075.45
9/5/2025 0:00,54308.05,54308.05,53719.55,54114.55
9/8/2025 0:00,54215.4,54518.7,54067.15,54186.9
9/9/2025 0:00,54330.55,54350.65,54079.45,54216.1
9/10/2025 0:00,54554.75,54705.2,54400,54536
9/11/2025 0:00,54413.05,54757.45,54402.4,54669.6
9/12/2025 0:00,54781.55,54852.25,54580.35,54809.3
9/15/2025 0:00,54884.05,55018.7,54807.5,54887.85
9/16/2025 0:00,54778.4,55185.45,54777.75,55147.6
9/17/2025 0:00,55158.35,55540.75,55146.55,55493.3
9/18/2025 0:00,55797.1,55835.25,55490.9,55727.45
9/19/2025 0:00,55647.95,55688.75,55355.3,55458.85
9/22/2025 0:00,55429.3,55666.35,55215.6,55284.75
9/23/2025 0:00,55248.7,55662,55159,55509.75
9/24/2025 0:00,55387.1,55511.1,55040.45,55121.5
9/25/2025 0:00,55061.65,55276.65,54903.3,54976.2
9/26/2025 0:00,54797.9,54897,54310.95,54389.35
9/29/2025 0:00,54460.4,54686.05,54226.6,54461
9/30/2025 0:00,54705.5,54793.05,54502.95,54635.85
10/1/2025 0:00,54653.9,55406.75,54582.55,55347.95
10/3/2025 0:00,55182.6,55616.45,55177,55589.25
10/6/2025 0:00,55834.7,56164.2,55727.25,56104.85
10/7/2025 0:00,56126.4,56502.45,56025.05,56239.35
10/8/2025 0:00,56098.5,56303.6,55821,56018.25
10/9/2025 0:00,55979,56286.25,55843.9,56192.05
10/10/2025 0:00,56168.6,56760.25,56152.45,56609.75
10/13/2025 0:00,56337.05,56770.9,56327.4,56625
10/14/2025 0:00,56598.65,56721.3,56230.15,56496.45
10/15/2025 0:00,56528.95,56922.7,56491.85,56799.9
10/16/2025 0:00,57139.95,57525.8,56994.7,57422.55
10/17/2025 0:00,57362.9,57830.2,57238.65,57713.35
10/20/2025 0:00,57872.85,58261.55,57872.85,58033.2
10/21/2025 0:00,58063.4,58155.55,57887.2,58007.2
10/23/2025 0:00,58314.55,58577.5,57951.45,58078.05
10/24/2025 0:00,58172.75,58232.9,57482.05,57699.6
10/27/2025 0:00,57796.45,58224.55,57652.75,58114.25
10/28/2025 0:00,58006.55,58313.8,57770.35,58214.1
10/29/2025 0:00,58316.25,58469.9,58087.05,58385.25
10/30/2025 0:00,58152.05,58331.2,57999.2,58031.1
10/31/2025 0:00,57942.45,58254.95,57656.95,57776.35
11/3/2025 0:00,57726.85,58247.55,57718.4,58101.45
11/4/2025 0:00,57966.65,58119.65,57732.95,57827.05
11/6/2025 0:00,57714.8,57945.05,57521,57554.25
11/7/2025 0:00,57391.4,58001.35,57157.85,57876.8
11/10/2025 0:00,57846.2,58097.2,57846.2,57937.55
11/11/2025 0:00,57962.3,58187.35,57594.25,58138.15
11/12/2025 0:00,58505.35,58507.7,58171.85,58274.65
11/13/2025 0:00,58158.75,58615.95,58127.1,58381.95
11/14/2025 0:00,58050,58590.15,58050,58517.55
11/17/2025 0:00,58696.3,59001.55,58605.3,58962.7
11/18/2025 0:00,58990.5,59103.65,58798.9,58899.25
11/19/2025 0:00,58908.15,59264.25,58688.55,59216.05
11/20/2025 0:00,59308.2,59440.1,59125.25,59347.7
11/21/2025 0:00,59116.7,59232.15,58823.65,58867.7
11/24/2025 0:00,58996.9,59309.9,58649.5,58835.35
11/25/2025 0:00,58925.65,59166.15,58746.2,58820.3
11/26/2025 0:00,58783.05,59554.95,58783.05,59528.05
11/27/2025 0:00,59605.3,59866.6,59523,59737.3
11/28/2025 0:00,59758.7,59897.5,59598.95,59752.7
12/1/2025 0:00,60102.05,60114.3,59527.6,59681.35
12/2/2025 0:00,59354.2,59656.55,59251.95,59273.8
12/3/2025 0:00,59158.7,59414.9,58925.7,59348.25
12/4/2025 0:00,59287.1,59548.7,59062.15,59288.7
12/5/2025 0:00,59133.2,59806.6,59106.55,59777.2
12/8/2025 0:00,59672.05,59713.15,59030.6,59238.55
12/9/2025 0:00,58918.85,59358.25,58878.45,59222.35
12/10/2025 0:00,59281.55,59440.9,58853.9,58960.4
12/11/2025 0:00,58966.2,59423.35,58799.9,59209.85
12/12/2025 0:00,59401.5,59545.7,59224.85,59389.95
12/15/2025 0:00,59053.7,59533,59044.65,59461.8
12/16/2025 0:00,59288.75,59335.25,58966.35,59034.6
12/17/2025 0:00,59072.8,59127.2,58801.4,58926.75
12/18/2025 0:00,58712.7,59211,58712.7,58912.85
12/19/2025 0:00,59047.4,59140.55,58897.5,59069.2
12/22/2025 0:00,59224.75,59371.2,59155.5,59304
12/23/2025 0:00,59334.35,59402.35,59216.75,59299.55
12/24/2025 0:00,59322.95,59478.15,59118.25,59183.6
12/26/2025 0:00,59092.85,59180.65,58947.05,59011.35
12/29/2025 0:00,59007.05,59140.4,58809.55,58932.35
12/30/2025 0:00,58885.95,59272.7,58737.6,59171.25
12/31/2025 0:00,59194.6,59766.2,59187.1,59581.85
1/1/2026 0:00,59674.8,59743.2,59569.65,59711.55
1/2/2026 0:00,59757.4,60203.75,59738.25,60150.95
1/5/2026 0:00,60360.4,60437.35,59859.8,60044.2
1/6/2026 0:00,59957.8,60305,59844.8,60118.4
1/7/2026 0:00,60039.7,60065.4,59760.65,59990.85
1/8/2026 0:00,59893.15,60112.85,59564.8,59686.5
1/9/2026 0:00,59558.15,59739.65,59154.2,59251.55
1/12/2026 0:00,59217.25,59541.1,58864.2,59450.5
1/13/2026 0:00,59767.55,59767.55,59312.05,59578.8
1/14/2026 0:00,59330.35,59796.65,59324.2,59580.15
1/16/2026 0:00,59590.35,60235.15,59510.5,60095.15
1/19/2026 0:00,60093.3,60107.5,59594.6,59891.35
1/20/2026 0:00,59851.4,59993.5,59283.95,59404.2
1/21/2026 0:00,59142,59447.35,58278.6,58800.3
1/22/2026 0:00,59194.25,59573.1,58823.05,59200.1
1/23/2026 0:00,59305.15,59400.15,58346.25,58473.1
1/27/2026 0:00,58366.05,59436.8,58121.6,59205.45
1/28/2026 0:00,59575.65,59699.9,59240.1,59598.8
1/29/2026 0:00,59416.25,60060.7,59339,59957.85
1/30/2026 0:00,59542.25,59906.9,59501.8,59610.45
2/1/2026 0:00,59607.65,59865.7,57783.2,58417.2
2/2/2026 0:00,58239.3,58687.05,57829.85,58619
2/3/2026 0:00,61411.2,61764.85,59793.2,60041.3
2/4/2026 0:00,60163.35,60389.4,59891.75,60238.15
2/5/2026 0:00,60315.35,60328.3,59881.05,60063.65
2/6/2026 0:00,59967.1,60149.9,59644.55,60120.55
2/9/2026 0:00,60805.2,60876.2,60495.7,60669.35
2/10/2026 0:00,60740.8,60797.55,60531.55,60626.4
2/11/2026 0:00,60670.25,60779.95,60444.65,60745.35
2/12/2026 0:00,60786.15,60864.4,60597.65,60739.75
2/13/2026 0:00,60504.4,60621.9,60073.55,60186.65
2/16/2026 0:00,59947.8,61011.3,59861.1,60949.1
2/17/2026 0:00,60821.15,61241.6,60560,61174
2/18/2026 0:00,61255.35,61596.85,61100.9,61550.8
2/19/2026 0:00,61660.85,61678.8,60592.9,60739.55
2/20/2026 0:00,60627.85,61360.5,60562.35,61172
2/23/2026 0:00,61145.55,61517.8,61029.15,61264.25
2/24/2026 0:00,61392.1,61435.65,60801.85,61047.3
2/25/2026 0:00,61175.05,61317.55,60816.75,61043.35
2/26/2026 0:00,61193.9,61284.75,60813.3,61187.7
2/27/2026 0:00,61057.45,61086.45,60438.95,60529
3/2/2026 0:00,59204.3,60177.5,59148,59839.65
3/4/2026 0:00,58447.15,59058.4,58393.55,58755.25
3/5/2026 0:00,59008.25,59274.35,58506.4,59055.85
3/6/2026 0:00,58629.6,58807.15,57696.4,57783.25
3/9/2026 0:00,56121.4,56274.15,55270.6,56019.8
3/10/2026 0:00,56583.85,57097.05,56387.2,56950.8
3/11/2026 0:00,56790.4,56938.4,55631.95,55735.75
3/12/2026 0:00,55008.2,55636.95,54760.55,55100.95
3/13/2026 0:00,54592.05,54713.75,53675.7,53757.85
3/16/2026 0:00,53721.5,54664.15,53258.15,54413.4
3/17/2026 0:00,54649.1,54996,54113.15,54876
3/18/2026 0:00,54927.05,55554.15,54689.1,55326.05
3/19/2026 0:00,53474.55,54150.3,53240.6,53451
3/20/2026 0:00,53548.2,54382.45,53297.55,53427.05
3/23/2026 0:00,52576.1,52665.3,51323.6,51437.75
3/24/2026 0:00,52384.8,52949.15,51827.5,52605.65
3/25/2026 0:00,53024.75,54146.15,53024.75,53708.1
3/27/2026 0:00,53244.25,53292.5,52211.2,52274.6
3/30/2026 0:00,51527.9,51624.5,50105.25,50275.35
4/1/2026 0:00,51433.9,52025.85,51133.55,51448.65
4/2/2026 0:00,50625.65,51731.95,49954.85,51548.75
4/6/2026 0:00,51747.6,52704.55,51111.1,52609.1
4/7/2026 0:00,52258.7,52778.2,51868.45,52716.25
4/8/2026 0:00,54904.45,55778.25,54797.5,55703.9
4/9/2026 0:00,55505.95,55583.1,54626.85,54821.7
4/10/2026 0:00,55182.25,55978.5,55145.25,55912.75
4/13/2026 0:00,54646,55752.65,54356.2,55605.05
4/15/2026 0:00,56343.45,56786.25,56109.2,56301.95
4/16/2026 0:00,56657.25,56834.25,55898.25,56086.4
4/17/2026 0:00,56072.4,56628.7,55841.65,56565.7
4/20/2026 0:00,56704.05,57085.1,56356.55,56582.35
4/21/2026 0:00,56823.6,57456.3,56696.3,57371.45
4/22/2026 0:00,57163.35,57438.2,57002.15,57124.45
4/23/2026 0:00,56608.95,56868.7,56217.15,56305
4/24/2026 0:00,56170.2,56460.5,55750.4,56089.75
4/27/2026 0:00,56162.6,56474.95,55911.1,56264.3
4/28/2026 0:00,55862.5,56138.05,55263.75,55400.35
4/29/2026 0:00,55634.5,56178.75,55290.5,55403.6
4/30/2026 0:00,54880.65,55111.6,54440.25,54863.35
5/4/2026 0:00,54937.9,55602.3,54723.5,54878.5
5/5/2026 0:00,54691.3,54888.55,54221.65,54547.05
5/6/2026 0:00,55113.4,56078.8,54587.2,55981.05
5/7/2026 0:00,56114,56334.15,55783.2,56047.4
5/8/2026 0:00,55783.95,55797.7,55062.5,55310.55
5/11/2026 0:00,54832.45,55002.45,54360.7,54439.9
5/12/2026 0:00,54178.4,54365.45,53457.5,53555.2
5/13/2026 0:00,53600.4,54103.9,53194.25,53456.15
5/14/2026 0:00,53639.5,54393.75,53191.6,54128.95
5/15/2026 0:00,54207.75,54325.45,53628.3,53710.35
5/18/2026 0:00,53282.15,53667.55,52783.45,53537
5/19/2026 0:00,53553.75,53770.65,53337.05,53409.15
